;priceUsd;time;date
0;1.0008098684394424;1599868800000;2020-09-12 00:00:00+00:00
1;1.0007287779415035;1599955200000;2020-09-13 00:00:00+00:00
2;1.000741183509781;1600041600000;2020-09-14 00:00:00+00:00
3;1.0006212535456465;1600128000000;2020-09-15 00:00:00+00:00
4;1.0007108769862512;1600214400000;2020-09-16 00:00:00+00:00
5;1.00062005067764;1600300800000;2020-09-17 00:00:00+00:00
6;1.0006381565905642;1600387200000;2020-09-18 00:00:00+00:00
7;1.0006850730686956;1600473600000;2020-09-19 00:00:00+00:00
8;1.0010952118613214;1600560000000;2020-09-20 00:00:00+00:00
9;1.0010599933878541;1600646400000;2020-09-21 00:00:00+00:00
10;1.0008634733392228;1600732800000;2020-09-22 00:00:00+00:00
11;1.0008894331057068;1600819200000;2020-09-23 00:00:00+00:00
12;1.00070808456926;1600905600000;2020-09-24 00:00:00+00:00
13;1.0008010510771144;1600992000000;2020-09-25 00:00:00+00:00
14;1.0010890242095307;1601078400000;2020-09-26 00:00:00+00:00
15;1.0012115112169606;1601164800000;2020-09-27 00:00:00+00:00
16;1.0010203726467717;1601251200000;2020-09-28 00:00:00+00:00
17;1.002544280507714;1601337600000;2020-09-29 00:00:00+00:00
18;1.0014864179261442;1601424000000;2020-09-30 00:00:00+00:00
19;1.0007392841532092;1601510400000;2020-10-01 00:00:00+00:00
20;1.0019153441164645;1601596800000;2020-10-02 00:00:00+00:00
21;1.0009458442299763;1601683200000;2020-10-03 00:00:00+00:00
22;1.0020368238254216;1601769600000;2020-10-04 00:00:00+00:00
23;1.000771416956252;1601856000000;2020-10-05 00:00:00+00:00
24;1.0013887819919731;1601942400000;2020-10-06 00:00:00+00:00
25;1.0014409274924243;1602028800000;2020-10-07 00:00:00+00:00
26;1.0031460559026433;1602115200000;2020-10-08 00:00:00+00:00
27;1.0008929816043106;1602201600000;2020-10-09 00:00:00+00:00
28;1.000480054070146;1602288000000;2020-10-10 00:00:00+00:00
29;1.0005801763939501;1602374400000;2020-10-11 00:00:00+00:00
30;1.0005980072788534;1602460800000;2020-10-12 00:00:00+00:00
31;1.0006687155503753;1602547200000;2020-10-13 00:00:00+00:00
32;1.000662366823274;1602633600000;2020-10-14 00:00:00+00:00
33;1.000512065585952;1602720000000;2020-10-15 00:00:00+00:00
34;1.0003228908687987;1602806400000;2020-10-16 00:00:00+00:00
35;1.0003468221801146;1602892800000;2020-10-17 00:00:00+00:00
36;1.0002948434685213;1602979200000;2020-10-18 00:00:00+00:00
37;1.0001800144379118;1603065600000;2020-10-19 00:00:00+00:00
38;1.0000916349918019;1603152000000;2020-10-20 00:00:00+00:00
39;0.9999029579804507;1603238400000;2020-10-21 00:00:00+00:00
40;0.9996180910384261;1603324800000;2020-10-22 00:00:00+00:00
41;1.0000116910232886;1603411200000;2020-10-23 00:00:00+00:00
42;1.0000060629976266;1603497600000;2020-10-24 00:00:00+00:00
43;1.000047565231441;1603584000000;2020-10-25 00:00:00+00:00
44;1.000010537589326;1603670400000;2020-10-26 00:00:00+00:00
45;1.000075739437855;1603756800000;2020-10-27 00:00:00+00:00
46;1.0001321096933704;1603843200000;2020-10-28 00:00:00+00:00
47;1.0001037856329489;1603929600000;2020-10-29 00:00:00+00:00
48;1.0000703898351642;1604016000000;2020-10-30 00:00:00+00:00
49;0.9998907662562491;1604102400000;2020-10-31 00:00:00+00:00
50;0.9997952134268312;1604188800000;2020-11-01 00:00:00+00:00
51;0.9998857363082126;1604275200000;2020-11-02 00:00:00+00:00
52;1.000161666348244;1604361600000;2020-11-03 00:00:00+00:00
53;1.0000921281371806;1604448000000;2020-11-04 00:00:00+00:00
54;0.9999271642159242;1604534400000;2020-11-05 00:00:00+00:00
55;0.9991279881665497;1604620800000;2020-11-06 00:00:00+00:00
56;0.9994256850625938;1604707200000;2020-11-07 00:00:00+00:00
57;0.9999506242459933;1604793600000;2020-11-08 00:00:00+00:00
58;1.0001543241309239;1604880000000;2020-11-09 00:00:00+00:00
59;0.9999762116979131;1604966400000;2020-11-10 00:00:00+00:00
60;1.0001285364450345;1605052800000;2020-11-11 00:00:00+00:00
61;0.9999315873942306;1605139200000;2020-11-12 00:00:00+00:00
62;0.9997590036605338;1605225600000;2020-11-13 00:00:00+00:00
63;0.9995178366730847;1605312000000;2020-11-14 00:00:00+00:00
64;0.9998535359789327;1605398400000;2020-11-15 00:00:00+00:00
65;1.000109801143441;1605484800000;2020-11-16 00:00:00+00:00
66;0.9996822150017651;1605571200000;2020-11-17 00:00:00+00:00
67;0.9998243810257978;1605657600000;2020-11-18 00:00:00+00:00
68;0.9996505166007541;1605744000000;2020-11-19 00:00:00+00:00
69;0.9997851032612929;1605830400000;2020-11-20 00:00:00+00:00
70;0.998871303119206;1605916800000;2020-11-21 00:00:00+00:00
71;0.9983326436430359;1606003200000;2020-11-22 00:00:00+00:00
72;0.9989318802490343;1606089600000;2020-11-23 00:00:00+00:00
73;0.998588571131286;1606176000000;2020-11-24 00:00:00+00:00
74;0.9994920448516352;1606262400000;2020-11-25 00:00:00+00:00
75;1.000903869820834;1606348800000;2020-11-26 00:00:00+00:00
76;1.0013267218521433;1606435200000;2020-11-27 00:00:00+00:00
77;1.0007560613580306;1606521600000;2020-11-28 00:00:00+00:00
78;1.000251227753743;1606608000000;2020-11-29 00:00:00+00:00
79;1.0000234805291683;1606694400000;2020-11-30 00:00:00+00:00
80;1.0001408228737405;1606780800000;2020-12-01 00:00:00+00:00
81;1.0005197733912727;1606867200000;2020-12-02 00:00:00+00:00
82;1.0002855651025155;1606953600000;2020-12-03 00:00:00+00:00
83;1.0001188624672164;1607040000000;2020-12-04 00:00:00+00:00
84;1.000145392184907;1607126400000;2020-12-05 00:00:00+00:00
85;1.0003498308207697;1607212800000;2020-12-06 00:00:00+00:00
86;1.0004883691930753;1607299200000;2020-12-07 00:00:00+00:00
87;1.0002605999933876;1607385600000;2020-12-08 00:00:00+00:00
88;1.0007165130355473;1607472000000;2020-12-09 00:00:00+00:00
89;1.0004096570248442;1607558400000;2020-12-10 00:00:00+00:00
90;1.0006952518136185;1607644800000;2020-12-11 00:00:00+00:00
91;1.0004187308781005;1607731200000;2020-12-12 00:00:00+00:00
92;1.0000986988174068;1607817600000;2020-12-13 00:00:00+00:00
93;1.0002256837221908;1607904000000;2020-12-14 00:00:00+00:00
94;1.0002465659006516;1607990400000;2020-12-15 00:00:00+00:00
95;1.0000787611994413;1608076800000;2020-12-16 00:00:00+00:00
96;0.9986940980399626;1608163200000;2020-12-17 00:00:00+00:00
97;0.9996157189812205;1608249600000;2020-12-18 00:00:00+00:00
98;0.9996578177581685;1608336000000;2020-12-19 00:00:00+00:00
99;0.9993021670845356;1608422400000;2020-12-20 00:00:00+00:00
100;0.9996769891846681;1608508800000;2020-12-21 00:00:00+00:00
101;1.0000047869200246;1608595200000;2020-12-22 00:00:00+00:00
102;1.0001765478756355;1608681600000;2020-12-23 00:00:00+00:00
103;1.0002992437946754;1608768000000;2020-12-24 00:00:00+00:00
104;1.0002050218169654;1608854400000;2020-12-25 00:00:00+00:00
105;0.9999159834533999;1608940800000;2020-12-26 00:00:00+00:00
106;0.9993685255232078;1609027200000;2020-12-27 00:00:00+00:00
107;0.9998916535067675;1609113600000;2020-12-28 00:00:00+00:00
108;1.000240854014452;1609200000000;2020-12-29 00:00:00+00:00
109;1.000355170904214;1609286400000;2020-12-30 00:00:00+00:00
110;0.9995222832025086;1609372800000;2020-12-31 00:00:00+00:00
111;0.99917597042849;1609459200000;2021-01-01 00:00:00+00:00
112;0.9990492459338286;1609545600000;2021-01-02 00:00:00+00:00
113;0.9967263510098949;1609632000000;2021-01-03 00:00:00+00:00
114;0.9989611110722496;1609718400000;2021-01-04 00:00:00+00:00
115;0.9995094862651389;1609804800000;2021-01-05 00:00:00+00:00
116;0.99807348918442;1609891200000;2021-01-06 00:00:00+00:00
117;0.9994514205005305;1609977600000;2021-01-07 00:00:00+00:00
118;0.999833807145577;1610064000000;2021-01-08 00:00:00+00:00
119;0.9997223965544173;1610150400000;2021-01-09 00:00:00+00:00
120;0.9992502368517563;1610236800000;2021-01-10 00:00:00+00:00
121;1.0007335813571103;1610323200000;2021-01-11 00:00:00+00:00
122;1.000552308552848;1610409600000;2021-01-12 00:00:00+00:00
123;1.001101961923003;1610496000000;2021-01-13 00:00:00+00:00
124;1.0002647342135949;1610582400000;2021-01-14 00:00:00+00:00
125;1.0000954018138835;1610668800000;2021-01-15 00:00:00+00:00
126;1.0002104480954404;1610755200000;2021-01-16 00:00:00+00:00
127;1.0003554810363777;1610841600000;2021-01-17 00:00:00+00:00
128;1.0004975082847019;1610928000000;2021-01-18 00:00:00+00:00
129;1.000359689974524;1611014400000;2021-01-19 00:00:00+00:00
130;0.9999969347588589;1611100800000;2021-01-20 00:00:00+00:00
131;1.000530678028136;1611187200000;2021-01-21 00:00:00+00:00
132;1.0003781493036248;1611273600000;2021-01-22 00:00:00+00:00
133;1.0004216237079981;1611360000000;2021-01-23 00:00:00+00:00
134;1.0002000548477592;1611446400000;2021-01-24 00:00:00+00:00
135;1.0001891292571974;1611532800000;2021-01-25 00:00:00+00:00
136;1.000711202833397;1611619200000;2021-01-26 00:00:00+00:00
137;1.000513616188646;1611705600000;2021-01-27 00:00:00+00:00
138;1.0000331242822544;1611792000000;2021-01-28 00:00:00+00:00
139;0.9999214076119023;1611878400000;2021-01-29 00:00:00+00:00
140;0.9999526865846208;1611964800000;2021-01-30 00:00:00+00:00
141;0.9995335449132543;1612051200000;2021-01-31 00:00:00+00:00
142;0.9994817449380085;1612137600000;2021-02-01 00:00:00+00:00
143;0.9998963094705684;1612224000000;2021-02-02 00:00:00+00:00
144;0.9998876601054603;1612310400000;2021-02-03 00:00:00+00:00
145;0.9993656060186178;1612396800000;2021-02-04 00:00:00+00:00
146;0.9993859664662496;1612483200000;2021-02-05 00:00:00+00:00
147;0.9993536666028071;1612569600000;2021-02-06 00:00:00+00:00
148;0.9995652045053001;1612656000000;2021-02-07 00:00:00+00:00
149;0.9995984262210146;1612742400000;2021-02-08 00:00:00+00:00
150;0.9999472646527706;1612828800000;2021-02-09 00:00:00+00:00
151;0.9996124764392825;1612915200000;2021-02-10 00:00:00+00:00
152;0.999789757818744;1613001600000;2021-02-11 00:00:00+00:00
153;0.9997075933498927;1613088000000;2021-02-12 00:00:00+00:00
154;0.9996887404142396;1613174400000;2021-02-13 00:00:00+00:00
155;0.9997061295189855;1613260800000;2021-02-14 00:00:00+00:00
156;0.9997520383867762;1613347200000;2021-02-15 00:00:00+00:00
157;1.0002163003943656;1613433600000;2021-02-16 00:00:00+00:00
158;1.0004776409044847;1613520000000;2021-02-17 00:00:00+00:00
159;1.0000630296815098;1613606400000;2021-02-18 00:00:00+00:00
160;0.9980343613139528;1613692800000;2021-02-19 00:00:00+00:00
161;0.9996988141230642;1613779200000;2021-02-20 00:00:00+00:00
162;1.0002542295836598;1613865600000;2021-02-21 00:00:00+00:00
163;0.9991270727447538;1613952000000;2021-02-22 00:00:00+00:00
164;0.9993982301009907;1614038400000;2021-02-23 00:00:00+00:00
165;1.0004933073313502;1614124800000;2021-02-24 00:00:00+00:00
166;1.0004166461697632;1614211200000;2021-02-25 00:00:00+00:00
167;0.999849575990091;1614297600000;2021-02-26 00:00:00+00:00
168;1.000213025700755;1614384000000;2021-02-27 00:00:00+00:00
169;1.0007048737649704;1614470400000;2021-02-28 00:00:00+00:00
170;1.0002415231797435;1614556800000;2021-03-01 00:00:00+00:00
171;1.0001792423358729;1614643200000;2021-03-02 00:00:00+00:00
172;1.000163583183475;1614729600000;2021-03-03 00:00:00+00:00
173;1.0004025585005474;1614816000000;2021-03-04 00:00:00+00:00
174;1.0006175625481004;1614902400000;2021-03-05 00:00:00+00:00
175;1.0002572030206203;1614988800000;2021-03-06 00:00:00+00:00
176;1.0001206317258429;1615075200000;2021-03-07 00:00:00+00:00
177;1.0001414877670434;1615161600000;2021-03-08 00:00:00+00:00
178;1.0002033793721015;1615248000000;2021-03-09 00:00:00+00:00
179;0.9998561147536573;1615334400000;2021-03-10 00:00:00+00:00
180;1.0003822885193134;1615420800000;2021-03-11 00:00:00+00:00
181;1.0003231215389825;1615507200000;2021-03-12 00:00:00+00:00
182;1.0000709005443602;1615593600000;2021-03-13 00:00:00+00:00
183;0.9993549935842544;1615680000000;2021-03-14 00:00:00+00:00
184;1.000374316226109;1615766400000;2021-03-15 00:00:00+00:00
185;0.9998136283758677;1615852800000;2021-03-16 00:00:00+00:00
186;0.9987361726580162;1615939200000;2021-03-17 00:00:00+00:00
187;0.9997873268365466;1616025600000;2021-03-18 00:00:00+00:00
188;0.9998711404941683;1616112000000;2021-03-19 00:00:00+00:00
189;1.0001865566814954;1616198400000;2021-03-20 00:00:00+00:00
190;0.9997861482600812;1616284800000;2021-03-21 00:00:00+00:00
191;0.9999868414638304;1616371200000;2021-03-22 00:00:00+00:00
192;1.00045984357052;1616457600000;2021-03-23 00:00:00+00:00
193;1.0000801287266972;1616544000000;2021-03-24 00:00:00+00:00
194;0.9998141008631908;1616630400000;2021-03-25 00:00:00+00:00
195;1.0004133406665265;1616716800000;2021-03-26 00:00:00+00:00
196;1.0002507059933898;1616803200000;2021-03-27 00:00:00+00:00
197;1.0003690168693635;1616889600000;2021-03-28 00:00:00+00:00
198;1.0003871252384062;1616976000000;2021-03-29 00:00:00+00:00
199;1.0005795770798016;1617062400000;2021-03-30 00:00:00+00:00
200;1.00059321883929;1617148800000;2021-03-31 00:00:00+00:00
201;1.0005439933979656;1617235200000;2021-04-01 00:00:00+00:00
202;1.0006329708554678;1617321600000;2021-04-02 00:00:00+00:00
203;0.9999387699136614;1617408000000;2021-04-03 00:00:00+00:00
204;1.000290410635259;1617494400000;2021-04-04 00:00:00+00:00
205;1.000251070479852;1617580800000;2021-04-05 00:00:00+00:00
206;1.0001742050835523;1617667200000;2021-04-06 00:00:00+00:00
207;1.0002796194524735;1617753600000;2021-04-07 00:00:00+00:00
208;1.0004733982864362;1617840000000;2021-04-08 00:00:00+00:00
209;1.0004098329118687;1617926400000;2021-04-09 00:00:00+00:00
210;1.00029946038518;1618012800000;2021-04-10 00:00:00+00:00
211;1.000637485555753;1618099200000;2021-04-11 00:00:00+00:00
212;1.0006273717241874;1618185600000;2021-04-12 00:00:00+00:00
213;0.9999129057610783;1618272000000;2021-04-13 00:00:00+00:00
214;0.9996753272674014;1618358400000;2021-04-14 00:00:00+00:00
215;0.9997935848256174;1618444800000;2021-04-15 00:00:00+00:00
216;0.9997678799163375;1618531200000;2021-04-16 00:00:00+00:00
217;0.9995815676958723;1618617600000;2021-04-17 00:00:00+00:00
218;1.000016747676289;1618704000000;2021-04-18 00:00:00+00:00
219;0.9993945119394964;1618790400000;2021-04-19 00:00:00+00:00
220;0.9997232792618259;1618876800000;2021-04-20 00:00:00+00:00
221;0.9996345202943758;1618963200000;2021-04-21 00:00:00+00:00
222;0.9999465490049588;1619049600000;2021-04-22 00:00:00+00:00
223;0.9998174382288122;1619136000000;2021-04-23 00:00:00+00:00
224;0.9999744945877054;1619222400000;2021-04-24 00:00:00+00:00
225;0.9999345997044089;1619308800000;2021-04-25 00:00:00+00:00
226;0.9984795658500994;1619395200000;2021-04-26 00:00:00+00:00
227;0.999543638348421;1619481600000;2021-04-27 00:00:00+00:00
228;0.9993376483019409;1619568000000;2021-04-28 00:00:00+00:00
229;0.9964535157886129;1619654400000;2021-04-29 00:00:00+00:00
230;0.9991943936729621;1619740800000;2021-04-30 00:00:00+00:00
231;1.0025168769358388;1619827200000;2021-05-01 00:00:00+00:00
232;0.9990819628561214;1619913600000;2021-05-02 00:00:00+00:00
233;1.0047409168358603;1620000000000;2021-05-03 00:00:00+00:00
234;1.0012409199529404;1620086400000;2021-05-04 00:00:00+00:00
235;1.0003369150409083;1620172800000;2021-05-05 00:00:00+00:00
236;1.0006739641365587;1620259200000;2021-05-06 00:00:00+00:00
237;1.001001650715647;1620345600000;2021-05-07 00:00:00+00:00
238;1.0004929006531194;1620432000000;2021-05-08 00:00:00+00:00
239;1.0003991014558045;1620518400000;2021-05-09 00:00:00+00:00
240;1.0002915564965622;1620604800000;2021-05-10 00:00:00+00:00
241;1.000316652666334;1620691200000;2021-05-11 00:00:00+00:00
242;1.0005109352838646;1620777600000;2021-05-12 00:00:00+00:00
243;1.000296296851412;1620864000000;2021-05-13 00:00:00+00:00
244;1.0005650634341228;1620950400000;2021-05-14 00:00:00+00:00
245;1.0005540285477768;1621036800000;2021-05-15 00:00:00+00:00
246;1.0010862118676822;1621123200000;2021-05-16 00:00:00+00:00
247;1.0009840294477388;1621209600000;2021-05-17 00:00:00+00:00
248;1.0004769507928615;1621296000000;2021-05-18 00:00:00+00:00
249;1.000392814148849;1621382400000;2021-05-19 00:00:00+00:00
250;1.0002881259522738;1621468800000;2021-05-20 00:00:00+00:00
251;1.0005262310600334;1621555200000;2021-05-21 00:00:00+00:00
252;1.00078375352256;1621641600000;2021-05-22 00:00:00+00:00
253;1.0009486814756237;1621728000000;2021-05-23 00:00:00+00:00
254;1.0016979330877795;1621814400000;2021-05-24 00:00:00+00:00
255;1.0059465762033326;1621900800000;2021-05-25 00:00:00+00:00
256;1.0005885481365893;1621987200000;2021-05-26 00:00:00+00:00
257;1.0005950205252412;1622073600000;2021-05-27 00:00:00+00:00
258;1.0006280229008617;1622160000000;2021-05-28 00:00:00+00:00
259;1.0007034710374088;1622246400000;2021-05-29 00:00:00+00:00
260;1.0003176558436992;1622332800000;2021-05-30 00:00:00+00:00
261;1.0003169710492406;1622419200000;2021-05-31 00:00:00+00:00
262;1.0003541523031005;1622505600000;2021-06-01 00:00:00+00:00
263;1.0001403441441261;1622592000000;2021-06-02 00:00:00+00:00
264;1.0001350935853495;1622678400000;2021-06-03 00:00:00+00:00
265;1.0003677464902736;1622764800000;2021-06-04 00:00:00+00:00
266;1.0005793304904544;1622851200000;2021-06-05 00:00:00+00:00
267;1.000715483027157;1622937600000;2021-06-06 00:00:00+00:00
268;1.0002399608907389;1623024000000;2021-06-07 00:00:00+00:00
269;1.0005962785764193;1623110400000;2021-06-08 00:00:00+00:00
270;1.0001546230640526;1623196800000;2021-06-09 00:00:00+00:00
271;1.0001255498737267;1623283200000;2021-06-10 00:00:00+00:00
272;1.000623914616151;1623369600000;2021-06-11 00:00:00+00:00
273;1.0015546997023526;1623456000000;2021-06-12 00:00:00+00:00
274;1.0009053860451416;1623542400000;2021-06-13 00:00:00+00:00
275;1.0001698618733061;1623628800000;2021-06-14 00:00:00+00:00
276;0.9999110605757252;1623715200000;2021-06-15 00:00:00+00:00
277;1.0001887846612283;1623801600000;2021-06-16 00:00:00+00:00
278;1.000496537162942;1623888000000;2021-06-17 00:00:00+00:00
279;1.0004631959954824;1623974400000;2021-06-18 00:00:00+00:00
280;1.0009284524778357;1624060800000;2021-06-19 00:00:00+00:00
281;1.001314021247863;1624147200000;2021-06-20 00:00:00+00:00
282;1.0013671313030068;1624233600000;2021-06-21 00:00:00+00:00
283;1.001753668383373;1624320000000;2021-06-22 00:00:00+00:00
284;1.0006665785371431;1624406400000;2021-06-23 00:00:00+00:00
285;1.0002797979276636;1624492800000;2021-06-24 00:00:00+00:00
286;0.9998638831944469;1624579200000;2021-06-25 00:00:00+00:00
287;1.000756766510017;1624665600000;2021-06-26 00:00:00+00:00
288;1.0013703694048963;1624752000000;2021-06-27 00:00:00+00:00
289;1.000720308499228;1624838400000;2021-06-28 00:00:00+00:00
290;0.9998206651621745;1624924800000;2021-06-29 00:00:00+00:00
291;1.0003559003298708;1625011200000;2021-06-30 00:00:00+00:00
292;1.000444810749421;1625097600000;2021-07-01 00:00:00+00:00
293;1.000364292839984;1625184000000;2021-07-02 00:00:00+00:00
294;0.9975413154895199;1625270400000;2021-07-03 00:00:00+00:00
295;0.9972611603784274;1625356800000;2021-07-04 00:00:00+00:00
296;1.0005647998133764;1625443200000;2021-07-05 00:00:00+00:00
297;1.0006188044783415;1625529600000;2021-07-06 00:00:00+00:00
298;1.0006494952361515;1625616000000;2021-07-07 00:00:00+00:00
299;0.9998686278929013;1625702400000;2021-07-08 00:00:00+00:00
300;0.9997398333656289;1625788800000;2021-07-09 00:00:00+00:00
301;0.9998325118217865;1625875200000;2021-07-10 00:00:00+00:00
302;1.0001451587802146;1625961600000;2021-07-11 00:00:00+00:00
303;1.0002476206660351;1626048000000;2021-07-12 00:00:00+00:00
304;1.00021683321296;1626134400000;2021-07-13 00:00:00+00:00
305;1.0004834710069554;1626220800000;2021-07-14 00:00:00+00:00
306;1.0004582982034576;1626307200000;2021-07-15 00:00:00+00:00
307;1.000349849090452;1626393600000;2021-07-16 00:00:00+00:00
308;1.0005661030293822;1626480000000;2021-07-17 00:00:00+00:00
309;1.0002865978136344;1626566400000;2021-07-18 00:00:00+00:00
310;1.000553907308114;1626652800000;2021-07-19 00:00:00+00:00
311;1.000527985752528;1626739200000;2021-07-20 00:00:00+00:00
312;1.0006119558416866;1626825600000;2021-07-21 00:00:00+00:00
313;1.0007528333349587;1626912000000;2021-07-22 00:00:00+00:00
314;1.00062356924004;1626998400000;2021-07-23 00:00:00+00:00
315;1.0010042327116107;1627084800000;2021-07-24 00:00:00+00:00
316;1.00147951001019;1627171200000;2021-07-25 00:00:00+00:00
317;1.001280129781415;1627257600000;2021-07-26 00:00:00+00:00
318;1.0008277584261442;1627344000000;2021-07-27 00:00:00+00:00
319;1.0005592288364527;1627430400000;2021-07-28 00:00:00+00:00
320;1.000523040307342;1627516800000;2021-07-29 00:00:00+00:00
321;1.0008682099602662;1627603200000;2021-07-30 00:00:00+00:00
322;1.0005502702261417;1627689600000;2021-07-31 00:00:00+00:00
323;1.0003068223540048;1627776000000;2021-08-01 00:00:00+00:00
324;1.0007166809319927;1627862400000;2021-08-02 00:00:00+00:00
325;1.0003972806998291;1627948800000;2021-08-03 00:00:00+00:00
326;1.0005498447549401;1628035200000;2021-08-04 00:00:00+00:00
327;1.0004449505518545;1628121600000;2021-08-05 00:00:00+00:00
328;1.0002526229622002;1628208000000;2021-08-06 00:00:00+00:00
329;0.9996010216138126;1628294400000;2021-08-07 00:00:00+00:00
330;0.9995080221623401;1628380800000;2021-08-08 00:00:00+00:00
331;1.0000028144499282;1628467200000;2021-08-09 00:00:00+00:00
332;1.000364987556147;1628553600000;2021-08-10 00:00:00+00:00
333;1.000628696789716;1628640000000;2021-08-11 00:00:00+00:00
334;1.0013681491459818;1628726400000;2021-08-12 00:00:00+00:00
335;1.0012105475536388;1628812800000;2021-08-13 00:00:00+00:00
336;1.0006084914761648;1628899200000;2021-08-14 00:00:00+00:00
337;1.0002833779170652;1628985600000;2021-08-15 00:00:00+00:00
338;1.000642111630307;1629072000000;2021-08-16 00:00:00+00:00
339;1.0002182503619266;1629158400000;2021-08-17 00:00:00+00:00
340;1.000285437880766;1629244800000;2021-08-18 00:00:00+00:00
341;1.0004037889423278;1629331200000;2021-08-19 00:00:00+00:00
342;1.0010959529883836;1629417600000;2021-08-20 00:00:00+00:00
343;1.0008628138734277;1629504000000;2021-08-21 00:00:00+00:00
344;1.000399989242034;1629590400000;2021-08-22 00:00:00+00:00
345;1.0006881566431527;1629676800000;2021-08-23 00:00:00+00:00
346;1.000152449203041;1629763200000;2021-08-24 00:00:00+00:00
347;1.0003524741199818;1629849600000;2021-08-25 00:00:00+00:00
348;1.0003170448245955;1629936000000;2021-08-26 00:00:00+00:00
349;1.0002464306081345;1630022400000;2021-08-27 00:00:00+00:00
350;1.000111449198511;1630108800000;2021-08-28 00:00:00+00:00
351;1.0000714178926753;1630195200000;2021-08-29 00:00:00+00:00
352;1.000213259706707;1630281600000;2021-08-30 00:00:00+00:00
353;1.0002613770435749;1630368000000;2021-08-31 00:00:00+00:00
354;1.000145560266438;1630454400000;2021-09-01 00:00:00+00:00
355;0.999956432736547;1630540800000;2021-09-02 00:00:00+00:00
356;0.9999812964170994;1630627200000;2021-09-03 00:00:00+00:00
357;1.0000104093461568;1630713600000;2021-09-04 00:00:00+00:00
358;0.9999162056189633;1630800000000;2021-09-05 00:00:00+00:00
359;0.9999926821372955;1630886400000;2021-09-06 00:00:00+00:00
360;1.0003740729772843;1630972800000;2021-09-07 00:00:00+00:00
361;1.0003979433425518;1631059200000;2021-09-08 00:00:00+00:00
362;1.0000901830588595;1631145600000;2021-09-09 00:00:00+00:00
363;1.000391873768796;1631232000000;2021-09-10 00:00:00+00:00
364;1.00038123921065;1631318400000;2021-09-11 00:00:00+00:00
365;1.0002345252033555;1631404800000;2021-09-12 00:00:00+00:00
366;1.0003433633577359;1631491200000;2021-09-13 00:00:00+00:00
367;1.000264423961749;1631577600000;2021-09-14 00:00:00+00:00
368;1.000193657259101;1631664000000;2021-09-15 00:00:00+00:00
369;1.0002187959694768;1631750400000;2021-09-16 00:00:00+00:00
370;1.0002634987599983;1631836800000;2021-09-17 00:00:00+00:00
371;1.0002356654623261;1631923200000;2021-09-18 00:00:00+00:00
372;1.0003675929152303;1632009600000;2021-09-19 00:00:00+00:00
373;1.0005386705218506;1632096000000;2021-09-20 00:00:00+00:00
374;1.0004851706305211;1632182400000;2021-09-21 00:00:00+00:00
375;1.0002644267308742;1632268800000;2021-09-22 00:00:00+00:00
376;1.0002965261665637;1632355200000;2021-09-23 00:00:00+00:00
377;1.0003329031919346;1632441600000;2021-09-24 00:00:00+00:00
378;1.0003591497708033;1632528000000;2021-09-25 00:00:00+00:00
379;1.0005594756066687;1632614400000;2021-09-26 00:00:00+00:00
380;1.000459033768938;1632700800000;2021-09-27 00:00:00+00:00
381;1.000336566104599;1632787200000;2021-09-28 00:00:00+00:00
382;1.0003200708171514;1632873600000;2021-09-29 00:00:00+00:00
383;1.0003286290715545;1632960000000;2021-09-30 00:00:00+00:00
384;1.000117408494157;1633046400000;2021-10-01 00:00:00+00:00
385;1.0000588302496836;1633132800000;2021-10-02 00:00:00+00:00
386;1.0000475427278082;1633219200000;2021-10-03 00:00:00+00:00
387;1.00076538798793;1633305600000;2021-10-04 00:00:00+00:00
388;1.0012816280406853;1633392000000;2021-10-05 00:00:00+00:00
389;1.0015092074194285;1633478400000;2021-10-06 00:00:00+00:00
390;1.001712099648275;1633564800000;2021-10-07 00:00:00+00:00
391;1.0022246188269162;1633651200000;2021-10-08 00:00:00+00:00
392;1.001830791914494;1633737600000;2021-10-09 00:00:00+00:00
393;1.00130417345185;1633824000000;2021-10-10 00:00:00+00:00
394;1.000303575851192;1633910400000;2021-10-11 00:00:00+00:00
395;1.0002681886392923;1633996800000;2021-10-12 00:00:00+00:00
396;1.0002397544830302;1634083200000;2021-10-13 00:00:00+00:00
397;1.000063965182205;1634169600000;2021-10-14 00:00:00+00:00
398;1.0000550758203886;1634256000000;2021-10-15 00:00:00+00:00
399;1.0000222689010985;1634342400000;2021-10-16 00:00:00+00:00
400;1.0000634812210594;1634428800000;2021-10-17 00:00:00+00:00
401;1.000217995446502;1634515200000;2021-10-18 00:00:00+00:00
402;1.000127501156009;1634601600000;2021-10-19 00:00:00+00:00
403;1.000051336859791;1634688000000;2021-10-20 00:00:00+00:00
404;1.0003535536820998;1634774400000;2021-10-21 00:00:00+00:00
405;1.0001137715325623;1634860800000;2021-10-22 00:00:00+00:00
406;1.000487504901732;1634947200000;2021-10-23 00:00:00+00:00
407;1.0005954780898172;1635033600000;2021-10-24 00:00:00+00:00
408;1.0002824949145843;1635120000000;2021-10-25 00:00:00+00:00
409;1.0001384584234618;1635206400000;2021-10-26 00:00:00+00:00
410;1.0003788828338693;1635292800000;2021-10-27 00:00:00+00:00
411;1.0005656366026336;1635379200000;2021-10-28 00:00:00+00:00
412;1.0007317804402858;1635465600000;2021-10-29 00:00:00+00:00
413;1.0004550348376124;1635552000000;2021-10-30 00:00:00+00:00
414;1.0002927321699335;1635638400000;2021-10-31 00:00:00+00:00
415;1.0002566502372403;1635724800000;2021-11-01 00:00:00+00:00
416;1.000029648915774;1635811200000;2021-11-02 00:00:00+00:00
417;1.0003400055944538;1635897600000;2021-11-03 00:00:00+00:00
418;1.0009648426000424;1635984000000;2021-11-04 00:00:00+00:00
419;1.001109050793689;1636070400000;2021-11-05 00:00:00+00:00
420;1.001337544174581;1636156800000;2021-11-06 00:00:00+00:00
421;1.0010251800845271;1636243200000;2021-11-07 00:00:00+00:00
422;1.0004759065859983;1636329600000;2021-11-08 00:00:00+00:00
423;1.000604505478764;1636416000000;2021-11-09 00:00:00+00:00
424;1.0011421458739118;1636502400000;2021-11-10 00:00:00+00:00
425;1.0015785884653545;1636588800000;2021-11-11 00:00:00+00:00
426;1.0017958851357576;1636675200000;2021-11-12 00:00:00+00:00
427;1.0018130786414308;1636761600000;2021-11-13 00:00:00+00:00
428;1.0021331971165603;1636848000000;2021-11-14 00:00:00+00:00
429;1.0014670300058168;1636934400000;2021-11-15 00:00:00+00:00
430;1.0024158727963501;1637020800000;2021-11-16 00:00:00+00:00
431;1.0018285148757355;1637107200000;2021-11-17 00:00:00+00:00
432;1.0015587887504562;1637193600000;2021-11-18 00:00:00+00:00
433;1.001512284661227;1637280000000;2021-11-19 00:00:00+00:00
434;1.0015677791233872;1637366400000;2021-11-20 00:00:00+00:00
435;1.002555529062845;1637452800000;2021-11-21 00:00:00+00:00
436;1.001864653236591;1637539200000;2021-11-22 00:00:00+00:00
437;0.9997302852400649;1637625600000;2021-11-23 00:00:00+00:00
438;1.0017350738276938;1637712000000;2021-11-24 00:00:00+00:00
439;1.002830911304552;1637798400000;2021-11-25 00:00:00+00:00
440;1.0028884646262957;1637884800000;2021-11-26 00:00:00+00:00
441;1.0036179197349644;1637971200000;2021-11-27 00:00:00+00:00
442;1.0040972997096604;1638057600000;2021-11-28 00:00:00+00:00
443;1.002633847613319;1638144000000;2021-11-29 00:00:00+00:00
444;1.0006170294965322;1638230400000;2021-11-30 00:00:00+00:00
445;1.001488307130208;1638316800000;2021-12-01 00:00:00+00:00
446;1.0027162904334488;1638403200000;2021-12-02 00:00:00+00:00
447;1.0024540043395798;1638489600000;2021-12-03 00:00:00+00:00
448;1.0027769294407387;1638576000000;2021-12-04 00:00:00+00:00
449;1.002355692074196;1638662400000;2021-12-05 00:00:00+00:00
450;1.0017009692643077;1638748800000;2021-12-06 00:00:00+00:00
451;1.0026997838992555;1638835200000;2021-12-07 00:00:00+00:00
452;1.0029294291838682;1638921600000;2021-12-08 00:00:00+00:00
453;1.0007355097980253;1639008000000;2021-12-09 00:00:00+00:00
454;1.0022858044988063;1639094400000;2021-12-10 00:00:00+00:00
455;1.0019427028238928;1639180800000;2021-12-11 00:00:00+00:00
456;1.003483704259974;1639267200000;2021-12-12 00:00:00+00:00
457;1.002891095903853;1639353600000;2021-12-13 00:00:00+00:00
458;1.0023220542227338;1639440000000;2021-12-14 00:00:00+00:00
459;1.0019754519099748;1639526400000;2021-12-15 00:00:00+00:00
460;1.0012708152659648;1639612800000;2021-12-16 00:00:00+00:00
461;1.0016683433520743;1639699200000;2021-12-17 00:00:00+00:00
462;1.0025167672560542;1639785600000;2021-12-18 00:00:00+00:00
463;1.002309796776791;1639872000000;2021-12-19 00:00:00+00:00
464;1.0042159978882954;1639958400000;2021-12-20 00:00:00+00:00
465;1.0043018805335018;1640044800000;2021-12-21 00:00:00+00:00
466;1.0043337902035194;1640131200000;2021-12-22 00:00:00+00:00
467;1.0035866209552016;1640217600000;2021-12-23 00:00:00+00:00
468;1.0034052291519162;1640304000000;2021-12-24 00:00:00+00:00
469;1.0033831592080362;1640390400000;2021-12-25 00:00:00+00:00
470;1.0037338554521391;1640476800000;2021-12-26 00:00:00+00:00
471;1.0040721072597656;1640563200000;2021-12-27 00:00:00+00:00
472;1.0036938838273084;1640649600000;2021-12-28 00:00:00+00:00
473;1.0026925946704937;1640736000000;2021-12-29 00:00:00+00:00
474;1.00194227475109;1640822400000;2021-12-30 00:00:00+00:00
475;1.000983293774884;1640908800000;2021-12-31 00:00:00+00:00
476;1.0018705328769237;1640995200000;2022-01-01 00:00:00+00:00
477;1.0032600174278343;1641081600000;2022-01-02 00:00:00+00:00
478;1.0028221594824318;1641168000000;2022-01-03 00:00:00+00:00
479;1.0042724355460768;1641254400000;2022-01-04 00:00:00+00:00
480;1.0025875589041957;1641340800000;2022-01-05 00:00:00+00:00
481;1.0036731421439764;1641427200000;2022-01-06 00:00:00+00:00
482;1.0053383591577378;1641513600000;2022-01-07 00:00:00+00:00
483;1.003201734296176;1641600000000;2022-01-08 00:00:00+00:00
484;1.0038249835402895;1641686400000;2022-01-09 00:00:00+00:00
485;1.0030894639143155;1641772800000;2022-01-10 00:00:00+00:00
486;1.0022657452337758;1641859200000;2022-01-11 00:00:00+00:00
487;1.002506268002701;1641945600000;2022-01-12 00:00:00+00:00
488;1.00208148824132;1642032000000;2022-01-13 00:00:00+00:00
489;1.0018666498867361;1642118400000;2022-01-14 00:00:00+00:00
490;1.0022035844285644;1642204800000;2022-01-15 00:00:00+00:00
491;1.002198189566291;1642291200000;2022-01-16 00:00:00+00:00
492;1.001975720757893;1642377600000;2022-01-17 00:00:00+00:00
493;1.001928082254116;1642464000000;2022-01-18 00:00:00+00:00
494;1.001667499649003;1642550400000;2022-01-19 00:00:00+00:00
495;1.001858442717569;1642636800000;2022-01-20 00:00:00+00:00
496;1.002772042920093;1642723200000;2022-01-21 00:00:00+00:00
497;1.003504317483425;1642809600000;2022-01-22 00:00:00+00:00
498;1.0039964093853082;1642896000000;2022-01-23 00:00:00+00:00
499;1.0028274968922926;1642982400000;2022-01-24 00:00:00+00:00
500;1.0025657967932635;1643068800000;2022-01-25 00:00:00+00:00
501;1.0028123652599779;1643155200000;2022-01-26 00:00:00+00:00
502;1.0027828325829768;1643241600000;2022-01-27 00:00:00+00:00
503;1.0048968090469264;1643328000000;2022-01-28 00:00:00+00:00
504;1.0035714201514827;1643414400000;2022-01-29 00:00:00+00:00
505;1.0022893129131856;1643500800000;2022-01-30 00:00:00+00:00
506;1.0022669085049467;1643587200000;2022-01-31 00:00:00+00:00
507;1.0015028343792576;1643673600000;2022-02-01 00:00:00+00:00
508;1.0014661105266696;1643760000000;2022-02-02 00:00:00+00:00
509;1.0018031858005532;1643846400000;2022-02-03 00:00:00+00:00
510;1.0012921195813165;1643932800000;2022-02-04 00:00:00+00:00
511;1.0005383715735339;1644019200000;2022-02-05 00:00:00+00:00
512;1.0011257955039834;1644105600000;2022-02-06 00:00:00+00:00
513;1.001341392035494;1644192000000;2022-02-07 00:00:00+00:00
514;1.001822525557135;1644278400000;2022-02-08 00:00:00+00:00
515;1.0017488312557485;1644364800000;2022-02-09 00:00:00+00:00
516;1.0017065933941858;1644451200000;2022-02-10 00:00:00+00:00
517;1.001797364774702;1644537600000;2022-02-11 00:00:00+00:00
518;1.0020749068375598;1644624000000;2022-02-12 00:00:00+00:00
519;1.0031233949191458;1644710400000;2022-02-13 00:00:00+00:00
520;1.0023706214240171;1644796800000;2022-02-14 00:00:00+00:00
521;1.0015254747656657;1644883200000;2022-02-15 00:00:00+00:00
522;1.0010778877523592;1644969600000;2022-02-16 00:00:00+00:00
523;1.0013521850437481;1645056000000;2022-02-17 00:00:00+00:00
524;1.0019006295492017;1645142400000;2022-02-18 00:00:00+00:00
525;1.0021352906850838;1645228800000;2022-02-19 00:00:00+00:00
526;1.0025556742209611;1645315200000;2022-02-20 00:00:00+00:00
527;1.0014362416582634;1645401600000;2022-02-21 00:00:00+00:00
528;1.0013343012258349;1645488000000;2022-02-22 00:00:00+00:00
529;1.0013621536156172;1645574400000;2022-02-23 00:00:00+00:00
530;1.0018537607650595;1645660800000;2022-02-24 00:00:00+00:00
531;1.0014164767802411;1645747200000;2022-02-25 00:00:00+00:00
532;1.0015761766357731;1645833600000;2022-02-26 00:00:00+00:00
533;1.0020465845948252;1645920000000;2022-02-27 00:00:00+00:00
534;1.0009159810113923;1646006400000;2022-02-28 00:00:00+00:00
535;1.0014112469387688;1646092800000;2022-03-01 00:00:00+00:00
536;1.002643212511109;1646179200000;2022-03-02 00:00:00+00:00
537;1.0021933071603768;1646265600000;2022-03-03 00:00:00+00:00
538;1.0025136064436035;1646352000000;2022-03-04 00:00:00+00:00
539;1.0025519915033607;1646438400000;2022-03-05 00:00:00+00:00
540;1.0030869457007712;1646524800000;2022-03-06 00:00:00+00:00
541;1.0021479886481957;1646611200000;2022-03-07 00:00:00+00:00
542;1.0013285342143887;1646697600000;2022-03-08 00:00:00+00:00
543;1.0015045490719519;1646784000000;2022-03-09 00:00:00+00:00
544;1.0022836835490636;1646870400000;2022-03-10 00:00:00+00:00
545;1.0024681917371834;1646956800000;2022-03-11 00:00:00+00:00
546;1.0024982683223858;1647043200000;2022-03-12 00:00:00+00:00
547;1.0026947449280303;1647129600000;2022-03-13 00:00:00+00:00
548;1.0023842711135813;1647216000000;2022-03-14 00:00:00+00:00
549;1.0022786081064856;1647302400000;2022-03-15 00:00:00+00:00
550;1.0015127333119542;1647388800000;2022-03-16 00:00:00+00:00
551;1.0019855412985976;1647475200000;2022-03-17 00:00:00+00:00
552;1.000801135082073;1647561600000;2022-03-18 00:00:00+00:00
553;1.0012133504813132;1647648000000;2022-03-19 00:00:00+00:00
554;1.0020632934249472;1647734400000;2022-03-20 00:00:00+00:00
555;1.002176606732674;1647820800000;2022-03-21 00:00:00+00:00
556;1.000807194316681;1647907200000;2022-03-22 00:00:00+00:00
557;1.000963224875795;1647993600000;2022-03-23 00:00:00+00:00
558;1.0010787339030112;1648080000000;2022-03-24 00:00:00+00:00
559;1.0016479942568168;1648166400000;2022-03-25 00:00:00+00:00
560;1.0037531112022493;1648252800000;2022-03-26 00:00:00+00:00
561;1.002845961621313;1648339200000;2022-03-27 00:00:00+00:00
562;1.0004787715581973;1648425600000;2022-03-28 00:00:00+00:00
563;1.0018888035003035;1648512000000;2022-03-29 00:00:00+00:00
564;1.0025484260509439;1648598400000;2022-03-30 00:00:00+00:00
565;1.0023126763022994;1648684800000;2022-03-31 00:00:00+00:00
566;1.00270621939109;1648771200000;2022-04-01 00:00:00+00:00
567;1.0018081000994625;1648857600000;2022-04-02 00:00:00+00:00
568;1.0027827899414303;1648944000000;2022-04-03 00:00:00+00:00
569;1.001736726574828;1649030400000;2022-04-04 00:00:00+00:00
570;1.0016048788116083;1649116800000;2022-04-05 00:00:00+00:00
571;1.001748186065758;1649203200000;2022-04-06 00:00:00+00:00
572;1.0024228201052716;1649289600000;2022-04-07 00:00:00+00:00
573;1.002276328094603;1649376000000;2022-04-08 00:00:00+00:00
574;1.0027360019204306;1649462400000;2022-04-09 00:00:00+00:00
575;1.0029663624949248;1649548800000;2022-04-10 00:00:00+00:00
576;1.002179126965432;1649635200000;2022-04-11 00:00:00+00:00
577;1.0020111456676595;1649721600000;2022-04-12 00:00:00+00:00
578;1.0043608753932982;1649808000000;2022-04-13 00:00:00+00:00
579;1.002315109408161;1649894400000;2022-04-14 00:00:00+00:00
580;1.0020993584855404;1649980800000;2022-04-15 00:00:00+00:00
581;1.0024885473681764;1650067200000;2022-04-16 00:00:00+00:00
582;1.0021569168037043;1650153600000;2022-04-17 00:00:00+00:00
583;1.002214284205781;1650240000000;2022-04-18 00:00:00+00:00
584;1.0019997904761757;1650326400000;2022-04-19 00:00:00+00:00
585;1.0017889526788375;1650412800000;2022-04-20 00:00:00+00:00
586;1.0018536785905883;1650499200000;2022-04-21 00:00:00+00:00
587;1.0017583508362953;1650585600000;2022-04-22 00:00:00+00:00
588;1.002548024107924;1650672000000;2022-04-23 00:00:00+00:00
589;1.002876357418741;1650758400000;2022-04-24 00:00:00+00:00
590;1.0030937562244011;1650844800000;2022-04-25 00:00:00+00:00
591;1.0027588093104494;1650931200000;2022-04-26 00:00:00+00:00
592;1.0025360837285453;1651017600000;2022-04-27 00:00:00+00:00
593;1.001814040095507;1651104000000;2022-04-28 00:00:00+00:00
594;1.0017188637521;1651190400000;2022-04-29 00:00:00+00:00
595;1.0027177907378464;1651276800000;2022-04-30 00:00:00+00:00
596;1.0043578298196838;1651363200000;2022-05-01 00:00:00+00:00
597;1.0028049208967944;1651449600000;2022-05-02 00:00:00+00:00
598;1.0016358800582121;1651536000000;2022-05-03 00:00:00+00:00
599;1.0021538952762077;1651622400000;2022-05-04 00:00:00+00:00
600;1.0033707257378226;1651708800000;2022-05-05 00:00:00+00:00
601;1.002746734008645;1651795200000;2022-05-06 00:00:00+00:00
602;1.0036195828918617;1651881600000;2022-05-07 00:00:00+00:00
603;1.006369807356295;1651968000000;2022-05-08 00:00:00+00:00
604;1.0035498727497174;1652054400000;2022-05-09 00:00:00+00:00
605;1.0025609894053733;1652140800000;2022-05-10 00:00:00+00:00
606;1.0018788027193715;1652227200000;2022-05-11 00:00:00+00:00
607;1.0025424826812983;1652313600000;2022-05-12 00:00:00+00:00
608;1.002043987894431;1652400000000;2022-05-13 00:00:00+00:00
609;1.0019048100789578;1652486400000;2022-05-14 00:00:00+00:00
610;1.001514429357143;1652572800000;2022-05-15 00:00:00+00:00
611;1.002150756569046;1652659200000;2022-05-16 00:00:00+00:00
612;1.0011628201874838;1652745600000;2022-05-17 00:00:00+00:00
613;1.0011748387862742;1652832000000;2022-05-18 00:00:00+00:00
614;1.0012686743181152;1652918400000;2022-05-19 00:00:00+00:00
615;1.0009141002061486;1653004800000;2022-05-20 00:00:00+00:00
616;1.0017524612313966;1653091200000;2022-05-21 00:00:00+00:00
617;1.0014645196392413;1653177600000;2022-05-22 00:00:00+00:00
618;1.001049802077698;1653264000000;2022-05-23 00:00:00+00:00
619;1.0014453075949863;1653350400000;2022-05-24 00:00:00+00:00
620;1.0010493749277993;1653436800000;2022-05-25 00:00:00+00:00
621;1.0012189142345018;1653523200000;2022-05-26 00:00:00+00:00
622;1.0012599592609213;1653609600000;2022-05-27 00:00:00+00:00
623;1.001339267802496;1653696000000;2022-05-28 00:00:00+00:00
624;1.0015069491171864;1653782400000;2022-05-29 00:00:00+00:00
625;1.001322327285209;1653868800000;2022-05-30 00:00:00+00:00
626;1.0010696972204916;1653955200000;2022-05-31 00:00:00+00:00
627;1.0010827963595699;1654041600000;2022-06-01 00:00:00+00:00
628;1.0016404132245667;1654128000000;2022-06-02 00:00:00+00:00
629;1.0015313581833827;1654214400000;2022-06-03 00:00:00+00:00
630;1.00166750394782;1654300800000;2022-06-04 00:00:00+00:00
631;1.0015746530664886;1654387200000;2022-06-05 00:00:00+00:00
632;1.000717595003777;1654473600000;2022-06-06 00:00:00+00:00
633;1.0004950219096775;1654560000000;2022-06-07 00:00:00+00:00
634;1.0000856550794588;1654646400000;2022-06-08 00:00:00+00:00
635;1.0002808613956802;1654732800000;2022-06-09 00:00:00+00:00
636;1.0007006678834882;1654819200000;2022-06-10 00:00:00+00:00
637;1.0017266382429941;1654905600000;2022-06-11 00:00:00+00:00
638;1.002063750580375;1654992000000;2022-06-12 00:00:00+00:00
639;1.0016359737626075;1655078400000;2022-06-13 00:00:00+00:00
640;1.0009854700764442;1655164800000;2022-06-14 00:00:00+00:00
641;1.0008582971852484;1655251200000;2022-06-15 00:00:00+00:00
642;1.000794043835334;1655337600000;2022-06-16 00:00:00+00:00
643;1.0009590622932159;1655424000000;2022-06-17 00:00:00+00:00
644;1.0014455758054766;1655510400000;2022-06-18 00:00:00+00:00
645;1.0014267681381595;1655596800000;2022-06-19 00:00:00+00:00
646;1.0004931285848646;1655683200000;2022-06-20 00:00:00+00:00
647;1.0002408323164942;1655769600000;2022-06-21 00:00:00+00:00
648;1.0001830275865722;1655856000000;2022-06-22 00:00:00+00:00
649;0.9995633580263099;1655942400000;2022-06-23 00:00:00+00:00
650;1.0000020479807727;1656028800000;2022-06-24 00:00:00+00:00
651;1.000780685950373;1656115200000;2022-06-25 00:00:00+00:00
652;1.000715384765201;1656201600000;2022-06-26 00:00:00+00:00
653;1.0010669714677203;1656288000000;2022-06-27 00:00:00+00:00
654;1.001136069483211;1656374400000;2022-06-28 00:00:00+00:00
655;1.0010747231702906;1656460800000;2022-06-29 00:00:00+00:00
656;1.0008886075530756;1656547200000;2022-06-30 00:00:00+00:00
657;1.000511714370359;1656633600000;2022-07-01 00:00:00+00:00
658;1.0005399092891636;1656720000000;2022-07-02 00:00:00+00:00
659;1.000370854242454;1656806400000;2022-07-03 00:00:00+00:00
660;0.9997968214157432;1656892800000;2022-07-04 00:00:00+00:00
661;0.999806171250223;1657065600000;2022-07-06 00:00:00+00:00
662;0.9999394168509995;1657152000000;2022-07-07 00:00:00+00:00
663;1.0002272725664794;1657238400000;2022-07-08 00:00:00+00:00
664;1.0007018641647139;1657324800000;2022-07-09 00:00:00+00:00
665;1.0009189904583766;1657411200000;2022-07-10 00:00:00+00:00
666;1.000515584605215;1657497600000;2022-07-11 00:00:00+00:00
667;1.0006198800332922;1657584000000;2022-07-12 00:00:00+00:00
668;1.0010337307325807;1657670400000;2022-07-13 00:00:00+00:00
669;1.0001103870424917;1657756800000;2022-07-14 00:00:00+00:00
670;0.9993157205286506;1657843200000;2022-07-15 00:00:00+00:00
671;0.9989447468543138;1657929600000;2022-07-16 00:00:00+00:00
672;0.9985168372389862;1658016000000;2022-07-17 00:00:00+00:00
673;0.9990522708000483;1658102400000;2022-07-18 00:00:00+00:00
674;0.999790089486047;1658188800000;2022-07-19 00:00:00+00:00
675;1.000197382633496;1658275200000;2022-07-20 00:00:00+00:00
676;1.0003498213032647;1658361600000;2022-07-21 00:00:00+00:00
677;1.0002914158601832;1658448000000;2022-07-22 00:00:00+00:00
678;1.0007167422337413;1658534400000;2022-07-23 00:00:00+00:00
679;1.0002593950254517;1658620800000;2022-07-24 00:00:00+00:00
680;1.0003555797246193;1658707200000;2022-07-25 00:00:00+00:00
681;1.0007629779715386;1658793600000;2022-07-26 00:00:00+00:00
682;1.0003444262920058;1658880000000;2022-07-27 00:00:00+00:00
683;0.9996721697486259;1658966400000;2022-07-28 00:00:00+00:00
684;0.9994629545155012;1659052800000;2022-07-29 00:00:00+00:00
685;0.999335327690058;1659139200000;2022-07-30 00:00:00+00:00
686;0.9994651359215124;1659225600000;2022-07-31 00:00:00+00:00
687;0.9998565377566886;1659312000000;2022-08-01 00:00:00+00:00
688;1.0003851535530544;1659398400000;2022-08-02 00:00:00+00:00
689;0.9998831311286944;1659484800000;2022-08-03 00:00:00+00:00
690;1.000128313969951;1659571200000;2022-08-04 00:00:00+00:00
691;1.00021757523878;1659657600000;2022-08-05 00:00:00+00:00
692;0.9997634634641763;1659744000000;2022-08-06 00:00:00+00:00
693;0.999882737472458;1659830400000;2022-08-07 00:00:00+00:00
694;0.9996217789180903;1659916800000;2022-08-08 00:00:00+00:00
695;1.000680989898144;1660003200000;2022-08-09 00:00:00+00:00
696;1.0004405521005053;1660089600000;2022-08-10 00:00:00+00:00
697;1.0000122175234636;1660176000000;2022-08-11 00:00:00+00:00
698;1.0002417393191674;1660262400000;2022-08-12 00:00:00+00:00
