,priceUsd,time,date
0,1.0245556513707472,1571270400000,2019-10-17 00:00:00+00:00
1,1.0134826913606787,1571356800000,2019-10-18 00:00:00+00:00
2,1.0147600010131173,1571443200000,2019-10-19 00:00:00+00:00
3,1.0225151290349794,1571529600000,2019-10-20 00:00:00+00:00
4,1.0201452059060812,1571616000000,2019-10-21 00:00:00+00:00
5,0.9887599232609997,1571702400000,2019-10-22 00:00:00+00:00
6,0.9746120018410117,1571788800000,2019-10-23 00:00:00+00:00
7,0.9574064350192912,1571875200000,2019-10-24 00:00:00+00:00
8,0.9644984502519935,1571961600000,2019-10-25 00:00:00+00:00
9,0.9938988804598563,1572048000000,2019-10-26 00:00:00+00:00
10,0.9999379739700945,1572134400000,2019-10-27 00:00:00+00:00
11,0.9798698538625619,1572220800000,2019-10-28 00:00:00+00:00
12,0.956251954634395,1572307200000,2019-10-29 00:00:00+00:00
13,0.9532486272475024,1572393600000,2019-10-30 00:00:00+00:00
14,0.9692698596026579,1572480000000,2019-10-31 00:00:00+00:00
15,0.9950235625851289,1572566400000,2019-11-01 00:00:00+00:00
16,1.0059839131063155,1572652800000,2019-11-02 00:00:00+00:00
17,1.00981287346859,1572739200000,2019-11-03 00:00:00+00:00
18,1.0149506341279297,1572825600000,2019-11-04 00:00:00+00:00
19,1.0051513608969131,1572912000000,2019-11-05 00:00:00+00:00
20,0.9924536541386104,1572998400000,2019-11-06 00:00:00+00:00
21,0.9850068256127744,1573084800000,2019-11-07 00:00:00+00:00
22,0.9918439659104031,1573171200000,2019-11-08 00:00:00+00:00
23,0.9910114746397011,1573257600000,2019-11-09 00:00:00+00:00
24,0.9850784393149786,1573344000000,2019-11-10 00:00:00+00:00
25,0.9823245987145153,1573430400000,2019-11-11 00:00:00+00:00
26,0.9815957867391771,1573516800000,2019-11-12 00:00:00+00:00
27,0.9756395591260548,1573603200000,2019-11-13 00:00:00+00:00
28,0.959155060917838,1573689600000,2019-11-14 00:00:00+00:00
29,0.9600363095552226,1573776000000,2019-11-15 00:00:00+00:00
30,0.9691314723682003,1573862400000,2019-11-16 00:00:00+00:00
31,0.9759593926348074,1573948800000,2019-11-17 00:00:00+00:00
32,0.9726403972419305,1574035200000,2019-11-18 00:00:00+00:00
33,0.9605510105620395,1574121600000,2019-11-19 00:00:00+00:00
34,0.9605370838400151,1574208000000,2019-11-20 00:00:00+00:00
35,0.9557291307565277,1574294400000,2019-11-21 00:00:00+00:00
36,0.9416214551416541,1574380800000,2019-11-22 00:00:00+00:00
37,0.9374091125236502,1574467200000,2019-11-23 00:00:00+00:00
38,0.935712336522348,1574553600000,2019-11-24 00:00:00+00:00
39,0.9201590301297803,1574640000000,2019-11-25 00:00:00+00:00
40,0.922172445736439,1574726400000,2019-11-26 00:00:00+00:00
41,0.9210414573034479,1574812800000,2019-11-27 00:00:00+00:00
42,0.9345042990508627,1574899200000,2019-11-28 00:00:00+00:00
43,0.9234608317345006,1574985600000,2019-11-29 00:00:00+00:00
44,0.921588261959067,1575072000000,2019-11-30 00:00:00+00:00
45,0.9314594517426505,1575158400000,2019-12-01 00:00:00+00:00
46,0.9289377371502203,1575244800000,2019-12-02 00:00:00+00:00
47,0.9232616007774623,1575331200000,2019-12-03 00:00:00+00:00
48,0.9219397421866442,1575417600000,2019-12-04 00:00:00+00:00
49,0.9277346899300685,1575504000000,2019-12-05 00:00:00+00:00
50,0.9258641526340129,1575590400000,2019-12-06 00:00:00+00:00
51,0.922616619411359,1575676800000,2019-12-07 00:00:00+00:00
52,0.9199913223638116,1575763200000,2019-12-08 00:00:00+00:00
53,0.9205054652864406,1575849600000,2019-12-09 00:00:00+00:00
54,0.9086820171692435,1575936000000,2019-12-10 00:00:00+00:00
55,0.9011857320973411,1576022400000,2019-12-11 00:00:00+00:00
56,0.8939119560628258,1576108800000,2019-12-12 00:00:00+00:00
57,0.8898148927731945,1576195200000,2019-12-13 00:00:00+00:00
58,0.8881946687646989,1576281600000,2019-12-14 00:00:00+00:00
59,0.8818497011430457,1576368000000,2019-12-15 00:00:00+00:00
60,0.8773589271307483,1576454400000,2019-12-16 00:00:00+00:00
61,0.8668808462098787,1576540800000,2019-12-17 00:00:00+00:00
62,0.8684847552478384,1576627200000,2019-12-18 00:00:00+00:00
63,0.8543553426624649,1576713600000,2019-12-19 00:00:00+00:00
64,0.8638904383140887,1576800000000,2019-12-20 00:00:00+00:00
65,0.8542627059692092,1576886400000,2019-12-21 00:00:00+00:00
66,0.8656443367513607,1576972800000,2019-12-22 00:00:00+00:00
67,0.8452779814328122,1577059200000,2019-12-23 00:00:00+00:00
68,0.8150290717547426,1577145600000,2019-12-24 00:00:00+00:00
69,0.8166119147923869,1577232000000,2019-12-25 00:00:00+00:00
70,0.8276690609003365,1577318400000,2019-12-26 00:00:00+00:00
71,0.8293815616482246,1577404800000,2019-12-27 00:00:00+00:00
72,0.8271130546054575,1577491200000,2019-12-28 00:00:00+00:00
73,0.8179814764546707,1577577600000,2019-12-29 00:00:00+00:00
74,0.8190905802960988,1577664000000,2019-12-30 00:00:00+00:00
75,0.8178713128558165,1577750400000,2019-12-31 00:00:00+00:00
76,0.8210156232812713,1577836800000,2020-01-01 00:00:00+00:00
77,0.8313186978817095,1577923200000,2020-01-02 00:00:00+00:00
78,0.843164008608794,1578009600000,2020-01-03 00:00:00+00:00
79,0.8480784141128134,1578096000000,2020-01-04 00:00:00+00:00
80,0.8555226444053202,1578182400000,2020-01-05 00:00:00+00:00
81,0.8652894648623028,1578268800000,2020-01-06 00:00:00+00:00
82,0.8779366679594401,1578355200000,2020-01-07 00:00:00+00:00
83,0.898093891131107,1578441600000,2020-01-08 00:00:00+00:00
84,0.8819075218338204,1578528000000,2020-01-09 00:00:00+00:00
85,0.8704162912483697,1578614400000,2020-01-10 00:00:00+00:00
86,0.870244650933566,1578700800000,2020-01-11 00:00:00+00:00
87,0.8690546814184776,1578787200000,2020-01-12 00:00:00+00:00
88,0.8538786646226958,1578873600000,2020-01-13 00:00:00+00:00
89,0.8686725188142322,1578960000000,2020-01-14 00:00:00+00:00
90,0.896071994765087,1579046400000,2020-01-15 00:00:00+00:00
91,0.881346089123547,1579132800000,2020-01-16 00:00:00+00:00
92,0.884251705068645,1579219200000,2020-01-17 00:00:00+00:00
93,0.901043758078235,1579305600000,2020-01-18 00:00:00+00:00
94,0.8927182255397532,1579392000000,2020-01-19 00:00:00+00:00
95,0.887507243211631,1579478400000,2020-01-20 00:00:00+00:00
96,0.8889123212833981,1579564800000,2020-01-21 00:00:00+00:00
97,0.8951945130261447,1579651200000,2020-01-22 00:00:00+00:00
98,0.8987898927491428,1579737600000,2020-01-23 00:00:00+00:00
99,0.9080266310557701,1579824000000,2020-01-24 00:00:00+00:00
100,0.9016667877080441,1579910400000,2020-01-25 00:00:00+00:00
101,0.8966785663179417,1579996800000,2020-01-26 00:00:00+00:00
102,0.8968660302827104,1580083200000,2020-01-27 00:00:00+00:00
103,0.9005539424337505,1580169600000,2020-01-28 00:00:00+00:00
104,0.9066935017654691,1580256000000,2020-01-29 00:00:00+00:00
105,0.8938351757747608,1580342400000,2020-01-30 00:00:00+00:00
106,0.8805095482211182,1580428800000,2020-01-31 00:00:00+00:00
107,0.8731002235677635,1580515200000,2020-02-01 00:00:00+00:00
108,0.8881387345197519,1580601600000,2020-02-02 00:00:00+00:00
109,0.8883573409503914,1580688000000,2020-02-03 00:00:00+00:00
110,0.8906899866609596,1580774400000,2020-02-04 00:00:00+00:00
111,0.9005583849786458,1580860800000,2020-02-05 00:00:00+00:00
112,0.9019215736425119,1580947200000,2020-02-06 00:00:00+00:00
113,0.911828784705244,1581033600000,2020-02-07 00:00:00+00:00
114,0.9407757084971897,1581120000000,2020-02-08 00:00:00+00:00
115,0.9593277190370033,1581206400000,2020-02-09 00:00:00+00:00
116,0.9944452304683353,1581292800000,2020-02-10 00:00:00+00:00
117,1.0209618095509048,1581379200000,2020-02-11 00:00:00+00:00
118,1.0257817742387536,1581465600000,2020-02-12 00:00:00+00:00
119,1.0020391378565008,1581552000000,2020-02-13 00:00:00+00:00
120,0.9768121546777053,1581638400000,2020-02-14 00:00:00+00:00
121,0.9801629025546699,1581724800000,2020-02-15 00:00:00+00:00
122,0.9701418638265205,1581811200000,2020-02-16 00:00:00+00:00
123,0.9732670232492674,1581897600000,2020-02-17 00:00:00+00:00
124,0.9763588800599229,1581984000000,2020-02-18 00:00:00+00:00
125,0.977037521779605,1582070400000,2020-02-19 00:00:00+00:00
126,0.961620723697048,1582156800000,2020-02-20 00:00:00+00:00
127,0.9771672513775083,1582243200000,2020-02-21 00:00:00+00:00
128,0.9538732158616174,1582329600000,2020-02-22 00:00:00+00:00
129,0.9561617987026527,1582416000000,2020-02-23 00:00:00+00:00
130,0.9608269022392814,1582502400000,2020-02-24 00:00:00+00:00
131,0.9435533224002396,1582588800000,2020-02-25 00:00:00+00:00
132,0.9293872519883856,1582675200000,2020-02-26 00:00:00+00:00
133,0.9540046962326303,1582761600000,2020-02-27 00:00:00+00:00
134,0.955465228718805,1582848000000,2020-02-28 00:00:00+00:00
135,0.9472803412098744,1582934400000,2020-02-29 00:00:00+00:00
136,0.9624669449844332,1583020800000,2020-03-01 00:00:00+00:00
137,0.9598701545074141,1583107200000,2020-03-02 00:00:00+00:00
138,0.959068991010191,1583193600000,2020-03-03 00:00:00+00:00
139,0.9586527849239103,1583280000000,2020-03-04 00:00:00+00:00
140,0.9696534634392457,1583366400000,2020-03-05 00:00:00+00:00
141,0.9752137127351584,1583452800000,2020-03-06 00:00:00+00:00
142,0.9798943987239586,1583539200000,2020-03-07 00:00:00+00:00
143,0.9817138929346889,1583625600000,2020-03-08 00:00:00+00:00
144,0.9910460112744219,1583712000000,2020-03-09 00:00:00+00:00
145,0.9895612219768497,1583798400000,2020-03-10 00:00:00+00:00
146,0.9916748329324349,1583884800000,2020-03-11 00:00:00+00:00
147,0.9797632553889659,1583971200000,2020-03-12 00:00:00+00:00
148,0.9630061295910715,1584057600000,2020-03-13 00:00:00+00:00
149,0.9601999074468152,1584144000000,2020-03-14 00:00:00+00:00
150,0.9550029048426542,1584230400000,2020-03-15 00:00:00+00:00
151,0.9394527077481938,1584316800000,2020-03-16 00:00:00+00:00
152,0.9391037940055211,1584403200000,2020-03-17 00:00:00+00:00
153,0.9599566036047823,1584489600000,2020-03-18 00:00:00+00:00
154,0.9933976415364819,1584576000000,2020-03-19 00:00:00+00:00
155,0.9971332731496251,1584662400000,2020-03-20 00:00:00+00:00
156,1.0052574605209332,1584748800000,2020-03-21 00:00:00+00:00
157,1.0142173486043422,1584835200000,2020-03-22 00:00:00+00:00
158,1.022578467627039,1584921600000,2020-03-23 00:00:00+00:00
159,1.0215290481707937,1585008000000,2020-03-24 00:00:00+00:00
160,1.026812519946728,1585094400000,2020-03-25 00:00:00+00:00
161,1.0308999335489417,1585180800000,2020-03-26 00:00:00+00:00
162,1.0288536695587585,1585267200000,2020-03-27 00:00:00+00:00
163,1.0230422721915282,1585353600000,2020-03-28 00:00:00+00:00
164,1.0221043942432293,1585440000000,2020-03-29 00:00:00+00:00
165,1.0316822075056413,1585526400000,2020-03-30 00:00:00+00:00
166,1.0513680688951188,1585612800000,2020-03-31 00:00:00+00:00
167,1.0532872354668894,1585699200000,2020-04-01 00:00:00+00:00
168,1.0492195131472357,1585785600000,2020-04-02 00:00:00+00:00
169,1.0407465313106892,1585872000000,2020-04-03 00:00:00+00:00
170,1.0410924593726352,1585958400000,2020-04-04 00:00:00+00:00
171,1.042190590173511,1586044800000,2020-04-05 00:00:00+00:00
172,1.0421855671690872,1586131200000,2020-04-06 00:00:00+00:00
173,1.03042902031069,1586217600000,2020-04-07 00:00:00+00:00
174,1.0208272581383016,1586304000000,2020-04-08 00:00:00+00:00
175,1.0221342549048322,1586390400000,2020-04-09 00:00:00+00:00
176,1.0294090696803164,1586476800000,2020-04-10 00:00:00+00:00
177,1.0281778146550622,1586563200000,2020-04-11 00:00:00+00:00
178,1.028117627939782,1586649600000,2020-04-12 00:00:00+00:00
179,1.020685031552679,1586736000000,2020-04-13 00:00:00+00:00
180,1.0196054996941313,1586822400000,2020-04-14 00:00:00+00:00
181,1.0233408607278491,1586908800000,2020-04-15 00:00:00+00:00
182,1.0384500475646563,1586995200000,2020-04-16 00:00:00+00:00
183,1.0376557115206706,1587081600000,2020-04-17 00:00:00+00:00
184,1.0385834743268074,1587168000000,2020-04-18 00:00:00+00:00
185,1.0373169626532244,1587254400000,2020-04-19 00:00:00+00:00
186,1.0391146262602113,1587340800000,2020-04-20 00:00:00+00:00
187,1.0441176305467168,1587427200000,2020-04-21 00:00:00+00:00
188,1.0472985908507335,1587513600000,2020-04-22 00:00:00+00:00
189,1.0496574669335468,1587600000000,2020-04-23 00:00:00+00:00
190,1.052133559572506,1587686400000,2020-04-24 00:00:00+00:00
191,1.0532622781783765,1587772800000,2020-04-25 00:00:00+00:00
192,1.0551365199855807,1587859200000,2020-04-26 00:00:00+00:00
193,1.0562135049737054,1587945600000,2020-04-27 00:00:00+00:00
194,1.0527474961418997,1588032000000,2020-04-28 00:00:00+00:00
195,1.058802142748858,1588118400000,2020-04-29 00:00:00+00:00
196,1.0693654258793486,1588204800000,2020-04-30 00:00:00+00:00
197,1.0666758414165636,1588291200000,2020-05-01 00:00:00+00:00
198,1.05971666304389,1588377600000,2020-05-02 00:00:00+00:00
199,1.0629476457353797,1588464000000,2020-05-03 00:00:00+00:00
200,1.0594315909907868,1588550400000,2020-05-04 00:00:00+00:00
201,1.058440317756293,1588636800000,2020-05-05 00:00:00+00:00
202,1.055395638540554,1588723200000,2020-05-06 00:00:00+00:00
203,1.0551340569519254,1588809600000,2020-05-07 00:00:00+00:00
204,1.062856253692451,1588896000000,2020-05-08 00:00:00+00:00
205,1.0721578308154427,1588982400000,2020-05-09 00:00:00+00:00
206,1.0802723294890726,1589068800000,2020-05-10 00:00:00+00:00
207,1.08284990101649,1589155200000,2020-05-11 00:00:00+00:00
208,1.0851126986530486,1589241600000,2020-05-12 00:00:00+00:00
209,1.0856325892951564,1589328000000,2020-05-13 00:00:00+00:00
210,1.0842202449374798,1589414400000,2020-05-14 00:00:00+00:00
211,1.087598491677798,1589500800000,2020-05-15 00:00:00+00:00
212,1.0893441180638348,1589587200000,2020-05-16 00:00:00+00:00
213,1.0900340373185733,1589673600000,2020-05-17 00:00:00+00:00
214,1.090049371882862,1589760000000,2020-05-18 00:00:00+00:00
215,1.0909387151458676,1589846400000,2020-05-19 00:00:00+00:00
216,1.100198105070079,1589932800000,2020-05-20 00:00:00+00:00
217,1.1218779181676806,1590019200000,2020-05-21 00:00:00+00:00
218,1.1356067065619817,1590105600000,2020-05-22 00:00:00+00:00
219,1.1417558892460695,1590192000000,2020-05-23 00:00:00+00:00
220,1.1447212154152102,1590278400000,2020-05-24 00:00:00+00:00
221,1.1463595316862667,1590364800000,2020-05-25 00:00:00+00:00
222,1.1486455245528342,1590451200000,2020-05-26 00:00:00+00:00
223,1.1495734726905977,1590537600000,2020-05-27 00:00:00+00:00
224,1.1595548252851766,1590624000000,2020-05-28 00:00:00+00:00
225,1.1724061862197264,1590710400000,2020-05-29 00:00:00+00:00
226,1.1791854793839418,1590796800000,2020-05-30 00:00:00+00:00
227,1.18907499381997,1590883200000,2020-05-31 00:00:00+00:00
228,1.1797175785813465,1590969600000,2020-06-01 00:00:00+00:00
229,1.2006344479691782,1591056000000,2020-06-02 00:00:00+00:00
230,1.2083695269706194,1591142400000,2020-06-03 00:00:00+00:00
231,1.2156274431790932,1591228800000,2020-06-04 00:00:00+00:00
232,1.229167318992699,1591315200000,2020-06-05 00:00:00+00:00
233,1.2474734018169888,1591401600000,2020-06-06 00:00:00+00:00
234,1.2465719255981067,1591488000000,2020-06-07 00:00:00+00:00
235,1.2430979325470919,1591574400000,2020-06-08 00:00:00+00:00
236,1.2470470595996972,1591660800000,2020-06-09 00:00:00+00:00
237,1.2497087860586158,1591747200000,2020-06-10 00:00:00+00:00
238,1.2546178844062235,1591833600000,2020-06-11 00:00:00+00:00
239,1.2470549680872387,1591920000000,2020-06-12 00:00:00+00:00
240,1.2451795684277762,1592006400000,2020-06-13 00:00:00+00:00
241,1.190860207817255,1592092800000,2020-06-14 00:00:00+00:00
242,1.1623521209058174,1592179200000,2020-06-15 00:00:00+00:00
243,1.1396890885744204,1592265600000,2020-06-16 00:00:00+00:00
244,1.1343856859572703,1592352000000,2020-06-17 00:00:00+00:00
245,1.1341931701890258,1592438400000,2020-06-18 00:00:00+00:00
246,1.1527585201786508,1592524800000,2020-06-19 00:00:00+00:00
247,1.1671391192889824,1592611200000,2020-06-20 00:00:00+00:00
248,1.1742996218885497,1592697600000,2020-06-21 00:00:00+00:00
249,1.1682370110318763,1592784000000,2020-06-22 00:00:00+00:00
250,1.1640979975709305,1592870400000,2020-06-23 00:00:00+00:00
251,1.1781600360527822,1592956800000,2020-06-24 00:00:00+00:00
252,1.2045732193529142,1593043200000,2020-06-25 00:00:00+00:00
253,1.2329894358050537,1593129600000,2020-06-26 00:00:00+00:00
254,1.2408010252406847,1593216000000,2020-06-27 00:00:00+00:00
255,1.2530534076772917,1593302400000,2020-06-28 00:00:00+00:00
256,1.2620575197384243,1593388800000,2020-06-29 00:00:00+00:00
257,1.2666803299098495,1593475200000,2020-06-30 00:00:00+00:00
258,1.2688919712068274,1593561600000,2020-07-01 00:00:00+00:00
259,1.2505419817417465,1593648000000,2020-07-02 00:00:00+00:00
260,1.243889228587568,1593734400000,2020-07-03 00:00:00+00:00
261,1.233687807426601,1593820800000,2020-07-04 00:00:00+00:00
262,1.2059928634901962,1593907200000,2020-07-05 00:00:00+00:00
263,1.2064138098934123,1593993600000,2020-07-06 00:00:00+00:00
264,1.2410212438246795,1594080000000,2020-07-07 00:00:00+00:00
265,1.2265086967792842,1594166400000,2020-07-08 00:00:00+00:00
266,1.2203887689142692,1594252800000,2020-07-09 00:00:00+00:00
267,1.2165018541667345,1594339200000,2020-07-10 00:00:00+00:00
268,1.214003016315633,1594425600000,2020-07-11 00:00:00+00:00
269,1.166436060114283,1594512000000,2020-07-12 00:00:00+00:00
270,1.1277815539694562,1594598400000,2020-07-13 00:00:00+00:00
271,1.1308242923193852,1594684800000,2020-07-14 00:00:00+00:00
272,1.1445477631958192,1594771200000,2020-07-15 00:00:00+00:00
273,1.1616137019812753,1594857600000,2020-07-16 00:00:00+00:00
274,1.17979713957527,1594944000000,2020-07-17 00:00:00+00:00
275,1.1759238185498344,1595030400000,2020-07-18 00:00:00+00:00
276,1.1477142708648247,1595116800000,2020-07-19 00:00:00+00:00
277,1.1798045274852194,1595203200000,2020-07-20 00:00:00+00:00
278,1.1859569940989119,1595289600000,2020-07-21 00:00:00+00:00
279,1.1905782504269542,1595376000000,2020-07-22 00:00:00+00:00
280,1.1945004036117761,1595462400000,2020-07-23 00:00:00+00:00
281,1.1999883790145214,1595548800000,2020-07-24 00:00:00+00:00
282,1.206804390455181,1595635200000,2020-07-25 00:00:00+00:00
283,1.223354247456218,1595721600000,2020-07-26 00:00:00+00:00
284,1.2405292730777524,1595808000000,2020-07-27 00:00:00+00:00
285,1.2614953000741274,1595894400000,2020-07-28 00:00:00+00:00
286,1.2583188439569746,1595980800000,2020-07-29 00:00:00+00:00
287,1.2604436882407097,1596067200000,2020-07-30 00:00:00+00:00
288,1.2670998688863775,1596153600000,2020-07-31 00:00:00+00:00
289,1.281070906157262,1596240000000,2020-08-01 00:00:00+00:00
290,1.2723490703935072,1596326400000,2020-08-02 00:00:00+00:00
291,1.27179592987613,1596412800000,2020-08-03 00:00:00+00:00
292,1.274875489779277,1596499200000,2020-08-04 00:00:00+00:00
293,1.2774143234981914,1596585600000,2020-08-05 00:00:00+00:00
294,1.283221867369217,1596672000000,2020-08-06 00:00:00+00:00
295,1.2882738119664878,1596758400000,2020-08-07 00:00:00+00:00
296,1.294743301222151,1596844800000,2020-08-08 00:00:00+00:00
297,1.2970339587500217,1596931200000,2020-08-09 00:00:00+00:00
298,1.2770373476472203,1597017600000,2020-08-10 00:00:00+00:00
299,1.2750101311480218,1597104000000,2020-08-11 00:00:00+00:00
300,1.2665930708709117,1597190400000,2020-08-12 00:00:00+00:00
301,1.2650616498646539,1597276800000,2020-08-13 00:00:00+00:00
302,1.2663587329032608,1597363200000,2020-08-14 00:00:00+00:00
303,1.282452236327277,1597449600000,2020-08-15 00:00:00+00:00
304,1.2831731782899773,1597536000000,2020-08-16 00:00:00+00:00
305,1.2777683588220727,1597622400000,2020-08-17 00:00:00+00:00
306,1.2721175967892362,1597708800000,2020-08-18 00:00:00+00:00
307,1.2631988569986674,1597795200000,2020-08-19 00:00:00+00:00
308,1.2659405805049193,1597881600000,2020-08-20 00:00:00+00:00
309,1.2632244671637263,1597968000000,2020-08-21 00:00:00+00:00
310,1.2705450498556712,1598054400000,2020-08-22 00:00:00+00:00
311,1.2641154497700844,1598140800000,2020-08-23 00:00:00+00:00
312,1.270365839626311,1598227200000,2020-08-24 00:00:00+00:00
313,1.27734287494663,1598313600000,2020-08-25 00:00:00+00:00
314,1.2737072608046962,1598400000000,2020-08-26 00:00:00+00:00
315,1.2761885373075408,1598486400000,2020-08-27 00:00:00+00:00
316,1.2738668775877662,1598572800000,2020-08-28 00:00:00+00:00
317,1.2743955366124575,1598659200000,2020-08-29 00:00:00+00:00
318,1.2768053998830406,1598745600000,2020-08-30 00:00:00+00:00
319,1.280231875423841,1598832000000,2020-08-31 00:00:00+00:00
320,1.274264953774824,1598918400000,2020-09-01 00:00:00+00:00
321,1.2668484960072506,1599004800000,2020-09-02 00:00:00+00:00
322,1.2478029684485883,1599091200000,2020-09-03 00:00:00+00:00
323,1.238583367397661,1599177600000,2020-09-04 00:00:00+00:00
324,1.2280629855196687,1599264000000,2020-09-05 00:00:00+00:00
325,1.224706870251982,1599350400000,2020-09-06 00:00:00+00:00
326,1.2084135765437625,1599436800000,2020-09-07 00:00:00+00:00
327,1.2236209083368985,1599523200000,2020-09-08 00:00:00+00:00
328,1.2199455333600793,1599609600000,2020-09-09 00:00:00+00:00
329,1.2108029085926204,1599696000000,2020-09-10 00:00:00+00:00
330,1.1656168980201458,1599782400000,2020-09-11 00:00:00+00:00
331,1.2396733297422744,1599868800000,2020-09-12 00:00:00+00:00
332,1.2428863530486822,1599955200000,2020-09-13 00:00:00+00:00
333,1.18734515197478,1600041600000,2020-09-14 00:00:00+00:00
334,1.1535663508813427,1600128000000,2020-09-15 00:00:00+00:00
335,1.1518789669600074,1600214400000,2020-09-16 00:00:00+00:00
336,1.1922962933875307,1600300800000,2020-09-17 00:00:00+00:00
337,1.2050784284883318,1600387200000,2020-09-18 00:00:00+00:00
338,1.2203601922780238,1600473600000,2020-09-19 00:00:00+00:00
339,1.2286865155107265,1600560000000,2020-09-20 00:00:00+00:00
340,1.2336339708385087,1600646400000,2020-09-21 00:00:00+00:00
341,1.2400277218663471,1600732800000,2020-09-22 00:00:00+00:00
342,1.2435005923696496,1600819200000,2020-09-23 00:00:00+00:00
343,1.221594608189856,1600905600000,2020-09-24 00:00:00+00:00
344,1.2450653266948422,1600992000000,2020-09-25 00:00:00+00:00
345,1.2427233652641823,1601078400000,2020-09-26 00:00:00+00:00
346,1.2451038848179763,1601164800000,2020-09-27 00:00:00+00:00
347,1.2551486108704453,1601251200000,2020-09-28 00:00:00+00:00
348,1.2624633248143886,1601337600000,2020-09-29 00:00:00+00:00
349,1.2724362971031824,1601424000000,2020-09-30 00:00:00+00:00
350,1.281515537056888,1601510400000,2020-10-01 00:00:00+00:00
351,1.2648561298930716,1601596800000,2020-10-02 00:00:00+00:00
352,1.2542684906569666,1601683200000,2020-10-03 00:00:00+00:00
353,1.213285251253978,1601769600000,2020-10-04 00:00:00+00:00
354,1.2037018598062703,1601856000000,2020-10-05 00:00:00+00:00
355,1.2047860823241856,1601942400000,2020-10-06 00:00:00+00:00
356,1.1926422962321366,1602028800000,2020-10-07 00:00:00+00:00
357,1.2141481706921642,1602115200000,2020-10-08 00:00:00+00:00
358,1.2345230602793307,1602201600000,2020-10-09 00:00:00+00:00
359,1.2119071943982447,1602288000000,2020-10-10 00:00:00+00:00
360,1.1899104771944575,1602374400000,2020-10-11 00:00:00+00:00
361,1.1920177962601377,1602460800000,2020-10-12 00:00:00+00:00
362,1.192585470932059,1602547200000,2020-10-13 00:00:00+00:00
363,1.1846073868962925,1602633600000,2020-10-14 00:00:00+00:00
364,1.1885549954514958,1602720000000,2020-10-15 00:00:00+00:00
365,1.1801752313116698,1602806400000,2020-10-16 00:00:00+00:00
366,1.1915157983158342,1602892800000,2020-10-17 00:00:00+00:00
367,1.2044308226073561,1602979200000,2020-10-18 00:00:00+00:00
368,1.2200586015450383,1603065600000,2020-10-19 00:00:00+00:00
369,1.2229587236780182,1603152000000,2020-10-20 00:00:00+00:00
370,1.2288630153453868,1603238400000,2020-10-21 00:00:00+00:00
371,1.2425802336012475,1603324800000,2020-10-22 00:00:00+00:00
372,1.242703546092088,1603411200000,2020-10-23 00:00:00+00:00
373,1.257194486028481,1603497600000,2020-10-24 00:00:00+00:00
374,1.25429376993493,1603584000000,2020-10-25 00:00:00+00:00
375,1.2717704633040332,1603670400000,2020-10-26 00:00:00+00:00
376,1.2859643836888008,1603756800000,2020-10-27 00:00:00+00:00
377,1.2842645182293393,1603843200000,2020-10-28 00:00:00+00:00
378,1.270194421315515,1603929600000,2020-10-29 00:00:00+00:00
379,1.2702911721228354,1604016000000,2020-10-30 00:00:00+00:00
380,1.2710946165111896,1604102400000,2020-10-31 00:00:00+00:00
381,1.2661872193673718,1604188800000,2020-11-01 00:00:00+00:00
382,1.265746691550765,1604275200000,2020-11-02 00:00:00+00:00
383,1.2620852887190095,1604361600000,2020-11-03 00:00:00+00:00
384,1.2619337103155297,1604448000000,2020-11-04 00:00:00+00:00
385,1.2594519271414608,1604534400000,2020-11-05 00:00:00+00:00
386,1.276501243466028,1604620800000,2020-11-06 00:00:00+00:00
387,1.2862626062839888,1604707200000,2020-11-07 00:00:00+00:00
388,1.292513203383343,1604793600000,2020-11-08 00:00:00+00:00
389,1.2935610181474182,1604880000000,2020-11-09 00:00:00+00:00
390,1.2967218236615432,1604966400000,2020-11-10 00:00:00+00:00
391,1.3013328370452955,1605052800000,2020-11-11 00:00:00+00:00
392,1.3025062721978073,1605139200000,2020-11-12 00:00:00+00:00
393,1.299656566575516,1605225600000,2020-11-13 00:00:00+00:00
394,1.2741918665202012,1605312000000,2020-11-14 00:00:00+00:00
395,1.2737812694340478,1605398400000,2020-11-15 00:00:00+00:00
396,1.2726123906105142,1605484800000,2020-11-16 00:00:00+00:00
397,1.3012562900915872,1605571200000,2020-11-17 00:00:00+00:00
398,1.3057168059533835,1605657600000,2020-11-18 00:00:00+00:00
399,1.2825649546467526,1605744000000,2020-11-19 00:00:00+00:00
400,1.270139983270694,1605830400000,2020-11-20 00:00:00+00:00
401,1.2872325888831706,1605916800000,2020-11-21 00:00:00+00:00
402,1.300594856336893,1606003200000,2020-11-22 00:00:00+00:00
403,1.306722028733188,1606089600000,2020-11-23 00:00:00+00:00
404,1.3084853989719698,1606176000000,2020-11-24 00:00:00+00:00
405,1.3144333220388227,1606262400000,2020-11-25 00:00:00+00:00
406,1.329829380633322,1606348800000,2020-11-26 00:00:00+00:00
407,1.3403362108136792,1606435200000,2020-11-27 00:00:00+00:00
408,1.3486640929108553,1606521600000,2020-11-28 00:00:00+00:00
409,1.352625417617574,1606608000000,2020-11-29 00:00:00+00:00
410,1.3604534037548768,1606694400000,2020-11-30 00:00:00+00:00
411,1.367373994554666,1606780800000,2020-12-01 00:00:00+00:00
412,1.37010400132518,1606867200000,2020-12-02 00:00:00+00:00
413,1.361280785116874,1606953600000,2020-12-03 00:00:00+00:00
414,1.3624964358337581,1607040000000,2020-12-04 00:00:00+00:00
415,1.3600704534607686,1607126400000,2020-12-05 00:00:00+00:00
416,1.3555594529334682,1607212800000,2020-12-06 00:00:00+00:00
417,1.3461358197852986,1607299200000,2020-12-07 00:00:00+00:00
418,1.3518934120443786,1607385600000,2020-12-08 00:00:00+00:00
419,1.361171668822143,1607472000000,2020-12-09 00:00:00+00:00
420,1.3744492700434578,1607558400000,2020-12-10 00:00:00+00:00
421,1.3729011930325137,1607644800000,2020-12-11 00:00:00+00:00
422,1.3744255873152427,1607731200000,2020-12-12 00:00:00+00:00
423,1.3711442372679745,1607817600000,2020-12-13 00:00:00+00:00
424,1.3688954306202612,1607904000000,2020-12-14 00:00:00+00:00
425,1.3623662413617548,1607990400000,2020-12-15 00:00:00+00:00
426,1.367590214836094,1608076800000,2020-12-16 00:00:00+00:00
427,1.382539611703556,1608163200000,2020-12-17 00:00:00+00:00
428,1.382009743571349,1608249600000,2020-12-18 00:00:00+00:00
429,1.3761775622113321,1608336000000,2020-12-19 00:00:00+00:00
430,1.376442280414494,1608422400000,2020-12-20 00:00:00+00:00
431,1.379063207711321,1608508800000,2020-12-21 00:00:00+00:00
432,1.3712887007682593,1608595200000,2020-12-22 00:00:00+00:00
433,1.3744883298179749,1608681600000,2020-12-23 00:00:00+00:00
434,1.3834811173429333,1608768000000,2020-12-24 00:00:00+00:00
435,1.3821396444021823,1608854400000,2020-12-25 00:00:00+00:00
436,1.3849071473680814,1608940800000,2020-12-26 00:00:00+00:00
437,1.3888963483384513,1609027200000,2020-12-27 00:00:00+00:00
438,1.3930118656790242,1609113600000,2020-12-28 00:00:00+00:00
439,1.3930430412376298,1609200000000,2020-12-29 00:00:00+00:00
440,1.393719929450387,1609286400000,2020-12-30 00:00:00+00:00
441,1.3940488374328026,1609372800000,2020-12-31 00:00:00+00:00
442,1.3925922098305255,1609459200000,2021-01-01 00:00:00+00:00
443,1.393403295804556,1609545600000,2021-01-02 00:00:00+00:00
444,1.3931818382468972,1609632000000,2021-01-03 00:00:00+00:00
445,1.376204688543662,1609718400000,2021-01-04 00:00:00+00:00
446,1.3435330530972338,1609804800000,2021-01-05 00:00:00+00:00
447,1.3662732395280766,1609891200000,2021-01-06 00:00:00+00:00
448,1.3743912727652445,1609977600000,2021-01-07 00:00:00+00:00
449,1.3670775418182495,1610064000000,2021-01-08 00:00:00+00:00
450,1.37829012207659,1610150400000,2021-01-09 00:00:00+00:00
451,1.3824700929907154,1610236800000,2021-01-10 00:00:00+00:00
452,1.380719466576406,1610323200000,2021-01-11 00:00:00+00:00
453,1.3855705550266877,1610409600000,2021-01-12 00:00:00+00:00
454,1.3839477454071698,1610496000000,2021-01-13 00:00:00+00:00
455,1.3899001835348415,1610582400000,2021-01-14 00:00:00+00:00
456,1.3929663315493344,1610668800000,2021-01-15 00:00:00+00:00
457,1.391013793988499,1610755200000,2021-01-16 00:00:00+00:00
458,1.393630559871721,1610841600000,2021-01-17 00:00:00+00:00
459,1.393545928665497,1610928000000,2021-01-18 00:00:00+00:00
460,1.391546322484599,1611014400000,2021-01-19 00:00:00+00:00
461,1.3963496062365142,1611100800000,2021-01-20 00:00:00+00:00
462,1.3924435214505266,1611187200000,2021-01-21 00:00:00+00:00
463,1.3887203800459935,1611273600000,2021-01-22 00:00:00+00:00
464,1.3857072920417315,1611360000000,2021-01-23 00:00:00+00:00
465,1.3820590972037714,1611446400000,2021-01-24 00:00:00+00:00
466,1.3837859535109047,1611532800000,2021-01-25 00:00:00+00:00
467,1.3889066914314852,1611619200000,2021-01-26 00:00:00+00:00
468,1.3915918212550715,1611705600000,2021-01-27 00:00:00+00:00
469,1.3857879771017105,1611792000000,2021-01-28 00:00:00+00:00
470,1.3880217556394283,1611878400000,2021-01-29 00:00:00+00:00
471,1.395122903517973,1611964800000,2021-01-30 00:00:00+00:00
472,1.4019631486208686,1612051200000,2021-01-31 00:00:00+00:00
473,1.403889918495206,1612137600000,2021-02-01 00:00:00+00:00
474,1.4042968086752816,1612224000000,2021-02-02 00:00:00+00:00
475,1.403887884425561,1612310400000,2021-02-03 00:00:00+00:00
476,1.4033242451548755,1612396800000,2021-02-04 00:00:00+00:00
477,1.4072411958366922,1612483200000,2021-02-05 00:00:00+00:00
478,1.4120841730534996,1612569600000,2021-02-06 00:00:00+00:00
479,1.4158597764796956,1612656000000,2021-02-07 00:00:00+00:00
480,1.423174601600323,1612742400000,2021-02-08 00:00:00+00:00
481,1.4449360779135751,1612828800000,2021-02-09 00:00:00+00:00
482,1.453290533340428,1612915200000,2021-02-10 00:00:00+00:00
483,1.4572907814760996,1613001600000,2021-02-11 00:00:00+00:00
484,1.459796347828712,1613088000000,2021-02-12 00:00:00+00:00
485,1.472469040630051,1613174400000,2021-02-13 00:00:00+00:00
486,1.4774494027242484,1613260800000,2021-02-14 00:00:00+00:00
487,1.4786652364892954,1613347200000,2021-02-15 00:00:00+00:00
488,1.477783569537105,1613433600000,2021-02-16 00:00:00+00:00
489,1.4767590248616917,1613520000000,2021-02-17 00:00:00+00:00
490,1.4770926169498626,1613606400000,2021-02-18 00:00:00+00:00
491,1.5390217979261933,1613692800000,2021-02-19 00:00:00+00:00
492,1.7477754781037795,1613779200000,2021-02-20 00:00:00+00:00
493,1.7782247492763998,1613865600000,2021-02-21 00:00:00+00:00
494,1.8077990460573463,1613952000000,2021-02-22 00:00:00+00:00
495,1.916962956633333,1614038400000,2021-02-23 00:00:00+00:00
496,1.955183694049332,1614124800000,2021-02-24 00:00:00+00:00
497,2.0387400061065346,1614211200000,2021-02-25 00:00:00+00:00
498,1.953285603631792,1614297600000,2021-02-26 00:00:00+00:00
499,2.042548117271102,1614384000000,2021-02-27 00:00:00+00:00
500,1.9565630626869361,1614470400000,2021-02-28 00:00:00+00:00
501,2.004428601336965,1614556800000,2021-03-01 00:00:00+00:00
502,2.044078303394672,1614643200000,2021-03-02 00:00:00+00:00
503,1.9666035676749876,1614729600000,2021-03-03 00:00:00+00:00
504,1.9209110911032132,1614816000000,2021-03-04 00:00:00+00:00
505,1.8681348266025446,1614902400000,2021-03-05 00:00:00+00:00
506,1.8913171946443046,1614988800000,2021-03-06 00:00:00+00:00
507,1.9214194569693805,1615075200000,2021-03-07 00:00:00+00:00
508,1.9246947586622984,1615161600000,2021-03-08 00:00:00+00:00
509,1.965955965373143,1615248000000,2021-03-09 00:00:00+00:00
510,1.9893608695683374,1615334400000,2021-03-10 00:00:00+00:00
511,2.03242656594306,1615420800000,2021-03-11 00:00:00+00:00
512,2.0278972587656785,1615507200000,2021-03-12 00:00:00+00:00
513,2.0428624830464113,1615593600000,2021-03-13 00:00:00+00:00
514,2.0045498455138673,1615680000000,2021-03-14 00:00:00+00:00
515,2.0178776840115495,1615766400000,2021-03-15 00:00:00+00:00
516,2.0622018712995427,1615852800000,2021-03-16 00:00:00+00:00
517,2.092173118129072,1615939200000,2021-03-17 00:00:00+00:00
518,2.1148292450424155,1616025600000,2021-03-18 00:00:00+00:00
519,2.106606736029497,1616112000000,2021-03-19 00:00:00+00:00
520,2.1043417089210656,1616198400000,2021-03-20 00:00:00+00:00
521,2.1128555125857926,1616284800000,2021-03-21 00:00:00+00:00
522,2.1173058869172796,1616371200000,2021-03-22 00:00:00+00:00
523,2.1118595430898663,1616457600000,2021-03-23 00:00:00+00:00
524,2.1112236585114883,1616544000000,2021-03-24 00:00:00+00:00
525,2.1030402847631837,1616630400000,2021-03-25 00:00:00+00:00
526,2.120817668352361,1616716800000,2021-03-26 00:00:00+00:00
527,2.1303065884590673,1616803200000,2021-03-27 00:00:00+00:00
528,2.129740833589893,1616889600000,2021-03-28 00:00:00+00:00
529,2.1170068612727944,1616976000000,2021-03-29 00:00:00+00:00
530,2.091499512164209,1617062400000,2021-03-30 00:00:00+00:00
531,2.0597205755375767,1617148800000,2021-03-31 00:00:00+00:00
532,2.034773240367447,1617235200000,2021-04-01 00:00:00+00:00
533,2.020442823950191,1617321600000,2021-04-02 00:00:00+00:00
534,2.0141654066702346,1617408000000,2021-04-03 00:00:00+00:00
535,2.000841166288452,1617494400000,2021-04-04 00:00:00+00:00
536,2.0025308348839794,1617580800000,2021-04-05 00:00:00+00:00
537,2.031869181846389,1617667200000,2021-04-06 00:00:00+00:00
538,2.091208557215419,1617753600000,2021-04-07 00:00:00+00:00
539,2.0956308810428967,1617840000000,2021-04-08 00:00:00+00:00
540,2.098105657623356,1617926400000,2021-04-09 00:00:00+00:00
541,2.118686347405337,1618012800000,2021-04-10 00:00:00+00:00
542,2.1295091625531515,1618099200000,2021-04-11 00:00:00+00:00
543,2.1255122843053713,1618185600000,2021-04-12 00:00:00+00:00
544,2.1282008117269626,1618272000000,2021-04-13 00:00:00+00:00
545,2.138445419054773,1618358400000,2021-04-14 00:00:00+00:00
546,2.18886555637768,1618444800000,2021-04-15 00:00:00+00:00
547,2.2331408953945817,1618531200000,2021-04-16 00:00:00+00:00
548,2.2568795696686017,1618617600000,2021-04-17 00:00:00+00:00
549,2.2019651515618106,1618704000000,2021-04-18 00:00:00+00:00
550,2.195320269602803,1618790400000,2021-04-19 00:00:00+00:00
551,2.1191794233471164,1618876800000,2021-04-20 00:00:00+00:00
552,2.185320134073814,1618963200000,2021-04-21 00:00:00+00:00
553,2.221153892162996,1619049600000,2021-04-22 00:00:00+00:00
554,2.180527876066486,1619136000000,2021-04-23 00:00:00+00:00
555,2.2843578314281605,1619222400000,2021-04-24 00:00:00+00:00
556,2.2636730175150954,1619308800000,2021-04-25 00:00:00+00:00
557,2.299530484348864,1619395200000,2021-04-26 00:00:00+00:00
558,2.3345819782411956,1619481600000,2021-04-27 00:00:00+00:00
559,2.3223899697335217,1619568000000,2021-04-28 00:00:00+00:00
560,2.3231684406149924,1619654400000,2021-04-29 00:00:00+00:00
561,2.3530523539287835,1619740800000,2021-04-30 00:00:00+00:00
562,2.439193194534139,1619827200000,2021-05-01 00:00:00+00:00
563,2.457176834555019,1619913600000,2021-05-02 00:00:00+00:00
564,2.497282339286633,1620000000000,2021-05-03 00:00:00+00:00
565,2.5127834907923847,1620086400000,2021-05-04 00:00:00+00:00
566,2.6237367032008163,1620172800000,2021-05-05 00:00:00+00:00
567,2.9110992587970945,1620259200000,2021-05-06 00:00:00+00:00
568,2.863189748149351,1620345600000,2021-05-07 00:00:00+00:00
569,2.9126959338792537,1620432000000,2021-05-08 00:00:00+00:00
570,3.027369602288145,1620518400000,2021-05-09 00:00:00+00:00
571,3.2125068652330904,1620604800000,2021-05-10 00:00:00+00:00
572,3.459556679665636,1620691200000,2021-05-11 00:00:00+00:00
573,3.8753533890934455,1620777600000,2021-05-12 00:00:00+00:00
574,3.582001043529273,1620864000000,2021-05-13 00:00:00+00:00
575,3.614166552793841,1620950400000,2021-05-14 00:00:00+00:00
576,3.4434098823588224,1621036800000,2021-05-15 00:00:00+00:00
577,3.674609126966768,1621123200000,2021-05-16 00:00:00+00:00
578,3.5878082919605223,1621209600000,2021-05-17 00:00:00+00:00
579,3.0602821307430625,1621296000000,2021-05-18 00:00:00+00:00
580,2.8980348210058837,1621382400000,2021-05-19 00:00:00+00:00
581,2.8150803734555665,1621468800000,2021-05-20 00:00:00+00:00
582,2.7524677446202164,1621555200000,2021-05-21 00:00:00+00:00
583,2.530449699358765,1621641600000,2021-05-22 00:00:00+00:00
584,2.4412781007069833,1621728000000,2021-05-23 00:00:00+00:00
585,2.4243166753274754,1621814400000,2021-05-24 00:00:00+00:00
586,2.368316735192355,1621900800000,2021-05-25 00:00:00+00:00
587,2.233597706187856,1621987200000,2021-05-26 00:00:00+00:00
588,2.0974592411294064,1622073600000,2021-05-27 00:00:00+00:00
589,2.0973553560154348,1622160000000,2021-05-28 00:00:00+00:00
590,2.0959715095375544,1622246400000,2021-05-29 00:00:00+00:00
591,2.1969126661439398,1622332800000,2021-05-30 00:00:00+00:00
592,2.378874974650752,1622419200000,2021-05-31 00:00:00+00:00
593,2.489816568555357,1622505600000,2021-06-01 00:00:00+00:00
594,2.7356857806191006,1622592000000,2021-06-02 00:00:00+00:00
595,2.860386565394849,1622678400000,2021-06-03 00:00:00+00:00
596,2.7830533497358863,1622764800000,2021-06-04 00:00:00+00:00
597,2.663077329741803,1622851200000,2021-06-05 00:00:00+00:00
598,2.5620590875971585,1622937600000,2021-06-06 00:00:00+00:00
599,2.474968910706059,1623024000000,2021-06-07 00:00:00+00:00
600,2.624832286906071,1623110400000,2021-06-08 00:00:00+00:00
601,2.49525754346366,1623196800000,2021-06-09 00:00:00+00:00
602,2.438024710871097,1623283200000,2021-06-10 00:00:00+00:00
603,2.438504732760273,1623369600000,2021-06-11 00:00:00+00:00
604,2.3998612240361537,1623456000000,2021-06-12 00:00:00+00:00
605,2.649379137764717,1623542400000,2021-06-13 00:00:00+00:00
606,2.764062997230625,1623628800000,2021-06-14 00:00:00+00:00
607,2.3997956398986293,1623715200000,2021-06-15 00:00:00+00:00
608,2.455654662432809,1623801600000,2021-06-16 00:00:00+00:00
609,2.581430260131841,1623888000000,2021-06-17 00:00:00+00:00
610,2.5715781513398235,1623974400000,2021-06-18 00:00:00+00:00
611,2.6000003395828095,1624060800000,2021-06-19 00:00:00+00:00
612,2.579602985630842,1624147200000,2021-06-20 00:00:00+00:00
613,2.5254089574291316,1624233600000,2021-06-21 00:00:00+00:00
614,2.437589349779231,1624320000000,2021-06-22 00:00:00+00:00
615,2.5313625792266157,1624406400000,2021-06-23 00:00:00+00:00
616,2.4435649012410225,1624492800000,2021-06-24 00:00:00+00:00
617,2.388823943099939,1624579200000,2021-06-25 00:00:00+00:00
618,2.261308911708721,1624665600000,2021-06-26 00:00:00+00:00
619,2.1569924690809064,1624752000000,2021-06-27 00:00:00+00:00
620,2.314036935728223,1624838400000,2021-06-28 00:00:00+00:00
621,2.4402582383968077,1624924800000,2021-06-29 00:00:00+00:00
622,2.4314700451187568,1625011200000,2021-06-30 00:00:00+00:00
623,2.40667795343941,1625097600000,2021-07-01 00:00:00+00:00
624,2.3691230558347436,1625184000000,2021-07-02 00:00:00+00:00
625,2.3973512332800855,1625270400000,2021-07-03 00:00:00+00:00
626,2.3798787582337746,1625356800000,2021-07-04 00:00:00+00:00
627,2.507555326645333,1625443200000,2021-07-05 00:00:00+00:00
628,2.6844151925153765,1625529600000,2021-07-06 00:00:00+00:00
629,2.72383471573876,1625616000000,2021-07-07 00:00:00+00:00
630,2.794217179464742,1625702400000,2021-07-08 00:00:00+00:00
631,2.888159440912092,1625788800000,2021-07-09 00:00:00+00:00
632,2.8831054913571217,1625875200000,2021-07-10 00:00:00+00:00
633,2.898898328851796,1625961600000,2021-07-11 00:00:00+00:00
634,2.916190881947118,1626048000000,2021-07-12 00:00:00+00:00
635,2.9206519527295365,1626134400000,2021-07-13 00:00:00+00:00
636,2.9240405475551867,1626220800000,2021-07-14 00:00:00+00:00
637,2.9022385916054176,1626307200000,2021-07-15 00:00:00+00:00
638,2.930858017538295,1626393600000,2021-07-16 00:00:00+00:00
639,2.9283306916980716,1626480000000,2021-07-17 00:00:00+00:00
640,2.9522536374362676,1626566400000,2021-07-18 00:00:00+00:00
641,2.9775398756825857,1626652800000,2021-07-19 00:00:00+00:00
642,3.142698062783342,1626739200000,2021-07-20 00:00:00+00:00
643,3.0006885903634646,1626825600000,2021-07-21 00:00:00+00:00
644,2.6237274613292456,1626912000000,2021-07-22 00:00:00+00:00
645,2.7538184943230295,1626998400000,2021-07-23 00:00:00+00:00
646,2.9034824378932123,1627084800000,2021-07-24 00:00:00+00:00
647,2.8699577908456435,1627171200000,2021-07-25 00:00:00+00:00
648,2.8330134098051314,1627257600000,2021-07-26 00:00:00+00:00
649,2.805116096736768,1627344000000,2021-07-27 00:00:00+00:00
650,2.8764830786875084,1627430400000,2021-07-28 00:00:00+00:00
651,2.887932833689022,1627516800000,2021-07-29 00:00:00+00:00
652,2.8910243335329526,1627603200000,2021-07-30 00:00:00+00:00
653,3.042251132360156,1627689600000,2021-07-31 00:00:00+00:00
654,3.042302103559209,1627776000000,2021-08-01 00:00:00+00:00
655,3.0703102283170414,1627862400000,2021-08-02 00:00:00+00:00
656,3.0238798557329583,1627948800000,2021-08-03 00:00:00+00:00
657,3.0038012193982504,1628035200000,2021-08-04 00:00:00+00:00
658,3.0004074158281204,1628121600000,2021-08-05 00:00:00+00:00
659,3.009252489331847,1628208000000,2021-08-06 00:00:00+00:00
660,3.0053633607741963,1628294400000,2021-08-07 00:00:00+00:00
661,2.9808916674227897,1628380800000,2021-08-08 00:00:00+00:00
662,2.863647194148977,1628467200000,2021-08-09 00:00:00+00:00
663,2.962780707902696,1628553600000,2021-08-10 00:00:00+00:00
664,2.977384604527513,1628640000000,2021-08-11 00:00:00+00:00
665,2.923259714352701,1628726400000,2021-08-12 00:00:00+00:00
666,2.974983875326781,1628812800000,2021-08-13 00:00:00+00:00
667,2.976966914703914,1628899200000,2021-08-14 00:00:00+00:00
668,2.9860792093499398,1628985600000,2021-08-15 00:00:00+00:00
669,2.9898330563395836,1629072000000,2021-08-16 00:00:00+00:00
670,2.985229387582389,1629158400000,2021-08-17 00:00:00+00:00
671,2.957533231245585,1629244800000,2021-08-18 00:00:00+00:00
672,2.9553413358896745,1629331200000,2021-08-19 00:00:00+00:00
673,2.9840150931747282,1629417600000,2021-08-20 00:00:00+00:00
674,2.9907882372427013,1629504000000,2021-08-21 00:00:00+00:00
675,2.9773704431522305,1629590400000,2021-08-22 00:00:00+00:00
676,2.99079225869977,1629676800000,2021-08-23 00:00:00+00:00
677,2.9984802230953616,1629763200000,2021-08-24 00:00:00+00:00
678,2.952687760176793,1629849600000,2021-08-25 00:00:00+00:00
679,2.961889799422417,1629936000000,2021-08-26 00:00:00+00:00
680,2.9812323655690047,1630022400000,2021-08-27 00:00:00+00:00
681,2.9780937787848965,1630108800000,2021-08-28 00:00:00+00:00
682,2.965599967103687,1630195200000,2021-08-29 00:00:00+00:00
683,2.9678800212889125,1630281600000,2021-08-30 00:00:00+00:00
684,2.9726487839432174,1630368000000,2021-08-31 00:00:00+00:00
685,2.941249111358371,1630454400000,2021-09-01 00:00:00+00:00
686,2.9359632623776113,1630540800000,2021-09-02 00:00:00+00:00
687,2.952965835111848,1630627200000,2021-09-03 00:00:00+00:00
688,2.9881105538176937,1630713600000,2021-09-04 00:00:00+00:00
689,2.9781986373387377,1630800000000,2021-09-05 00:00:00+00:00
690,3.016380848783409,1630886400000,2021-09-06 00:00:00+00:00
691,3.0625534218892767,1630972800000,2021-09-07 00:00:00+00:00
692,3.137696368299491,1631059200000,2021-09-08 00:00:00+00:00
693,3.1245353289136,1631145600000,2021-09-09 00:00:00+00:00
694,3.082881180260013,1631232000000,2021-09-10 00:00:00+00:00
695,3.0542968158200097,1631318400000,2021-09-11 00:00:00+00:00
696,3.0445902085736356,1631404800000,2021-09-12 00:00:00+00:00
697,3.0377859114039576,1631491200000,2021-09-13 00:00:00+00:00
698,3.037154238291704,1631577600000,2021-09-14 00:00:00+00:00
699,3.0950565190359662,1631664000000,2021-09-15 00:00:00+00:00
700,3.1551880333340465,1631750400000,2021-09-16 00:00:00+00:00
701,3.018834601217062,1631836800000,2021-09-17 00:00:00+00:00
702,3.089279317171533,1631923200000,2021-09-18 00:00:00+00:00
703,3.0520512914394278,1632009600000,2021-09-19 00:00:00+00:00
704,3.008313525499953,1632096000000,2021-09-20 00:00:00+00:00
705,2.994105198598597,1632182400000,2021-09-21 00:00:00+00:00
706,3.013294109883646,1632268800000,2021-09-22 00:00:00+00:00
707,3.002422151059661,1632355200000,2021-09-23 00:00:00+00:00
708,2.962155533457445,1632441600000,2021-09-24 00:00:00+00:00
709,2.8899023704130014,1632528000000,2021-09-25 00:00:00+00:00
710,2.822824678060546,1632614400000,2021-09-26 00:00:00+00:00
711,2.773744372053697,1632700800000,2021-09-27 00:00:00+00:00
712,2.7085418379720356,1632787200000,2021-09-28 00:00:00+00:00
713,2.7926949778730688,1632873600000,2021-09-29 00:00:00+00:00
714,2.909720269582993,1632960000000,2021-09-30 00:00:00+00:00
715,2.885710165260681,1633046400000,2021-10-01 00:00:00+00:00
716,2.93669938458155,1633132800000,2021-10-02 00:00:00+00:00
717,2.947862602085234,1633219200000,2021-10-03 00:00:00+00:00
718,2.9253500924311036,1633305600000,2021-10-04 00:00:00+00:00
719,2.9473154217598827,1633392000000,2021-10-05 00:00:00+00:00
720,2.9317294489845227,1633478400000,2021-10-06 00:00:00+00:00
721,2.926460905996331,1633564800000,2021-10-07 00:00:00+00:00
722,2.8274347339888966,1633651200000,2021-10-08 00:00:00+00:00
723,2.8122718019347377,1633737600000,2021-10-09 00:00:00+00:00
724,2.839297014805783,1633824000000,2021-10-10 00:00:00+00:00
725,2.7506883336056673,1633910400000,2021-10-11 00:00:00+00:00
726,2.780054200641405,1633996800000,2021-10-12 00:00:00+00:00
727,2.7920142635367675,1634083200000,2021-10-13 00:00:00+00:00
728,2.7432466773049033,1634169600000,2021-10-14 00:00:00+00:00
729,2.7874524150882514,1634256000000,2021-10-15 00:00:00+00:00
730,2.8806180720831267,1634342400000,2021-10-16 00:00:00+00:00
731,2.8758191504143418,1634428800000,2021-10-17 00:00:00+00:00
732,2.918028536165864,1634515200000,2021-10-18 00:00:00+00:00
733,2.922290064403545,1634601600000,2021-10-19 00:00:00+00:00
734,3.008853688099971,1634688000000,2021-10-20 00:00:00+00:00
735,3.187507080222487,1634774400000,2021-10-21 00:00:00+00:00
736,3.3260465131255037,1634860800000,2021-10-22 00:00:00+00:00
737,3.41025561001255,1634947200000,2021-10-23 00:00:00+00:00
738,3.1802998639837035,1635033600000,2021-10-24 00:00:00+00:00
739,3.2393246380048217,1635120000000,2021-10-25 00:00:00+00:00
740,3.3184870725775,1635206400000,2021-10-26 00:00:00+00:00
741,3.296161269585271,1635292800000,2021-10-27 00:00:00+00:00
742,3.1565755663722626,1635379200000,2021-10-28 00:00:00+00:00
743,3.2334697824839416,1635465600000,2021-10-29 00:00:00+00:00
744,3.249043400160791,1635552000000,2021-10-30 00:00:00+00:00
745,3.313321501521509,1635638400000,2021-10-31 00:00:00+00:00
746,3.37754427570984,1635724800000,2021-11-01 00:00:00+00:00
747,3.362132472833142,1635811200000,2021-11-02 00:00:00+00:00
748,3.359827872618738,1635897600000,2021-11-03 00:00:00+00:00
749,3.311110918179655,1635984000000,2021-11-04 00:00:00+00:00
750,3.2141842362536477,1636070400000,2021-11-05 00:00:00+00:00
751,3.2614220312904654,1636156800000,2021-11-06 00:00:00+00:00
752,3.238128068021883,1636243200000,2021-11-07 00:00:00+00:00
753,3.2547558722609424,1636329600000,2021-11-08 00:00:00+00:00
754,3.300658352023188,1636416000000,2021-11-09 00:00:00+00:00
755,3.331232546275544,1636502400000,2021-11-10 00:00:00+00:00
756,3.315156454453189,1636588800000,2021-11-11 00:00:00+00:00
757,3.1518351184572673,1636675200000,2021-11-12 00:00:00+00:00
758,3.06960062218514,1636761600000,2021-11-13 00:00:00+00:00
759,2.8306559517493155,1636848000000,2021-11-14 00:00:00+00:00
760,2.963264115063866,1636934400000,2021-11-15 00:00:00+00:00
761,3.0610075945914064,1637020800000,2021-11-16 00:00:00+00:00
762,3.129346488097151,1637107200000,2021-11-17 00:00:00+00:00
763,3.1341967505422414,1637193600000,2021-11-18 00:00:00+00:00
764,3.18538645917293,1637280000000,2021-11-19 00:00:00+00:00
765,3.2036650402652946,1637366400000,2021-11-20 00:00:00+00:00
766,3.257717782523351,1637452800000,2021-11-21 00:00:00+00:00
767,3.3772692086981335,1637539200000,2021-11-22 00:00:00+00:00
768,3.3628196066692646,1637625600000,2021-11-23 00:00:00+00:00
769,3.3325040727277733,1637712000000,2021-11-24 00:00:00+00:00
770,3.193052899492536,1637798400000,2021-11-25 00:00:00+00:00
771,3.140083951223119,1637884800000,2021-11-26 00:00:00+00:00
772,3.1779202149244314,1637971200000,2021-11-27 00:00:00+00:00
773,3.239047718276223,1638057600000,2021-11-28 00:00:00+00:00
774,3.4141363329817813,1638144000000,2021-11-29 00:00:00+00:00
775,3.3873540158782274,1638230400000,2021-11-30 00:00:00+00:00
776,3.427124973416016,1638316800000,2021-12-01 00:00:00+00:00
777,3.4443274072116066,1638403200000,2021-12-02 00:00:00+00:00
778,3.506912556344284,1638489600000,2021-12-03 00:00:00+00:00
779,3.3962080340721017,1638576000000,2021-12-04 00:00:00+00:00
780,3.561012312854357,1638662400000,2021-12-05 00:00:00+00:00
781,3.5661453282461952,1638748800000,2021-12-06 00:00:00+00:00
782,3.6486905678557298,1638835200000,2021-12-07 00:00:00+00:00
783,3.6429007965630222,1638921600000,2021-12-08 00:00:00+00:00
784,3.654784133765509,1639008000000,2021-12-09 00:00:00+00:00
785,3.704585053820627,1639094400000,2021-12-10 00:00:00+00:00
786,3.7286807719297053,1639180800000,2021-12-11 00:00:00+00:00
787,3.716238235687946,1639267200000,2021-12-12 00:00:00+00:00
788,3.6684353343611176,1639353600000,2021-12-13 00:00:00+00:00
789,3.535775040397653,1639440000000,2021-12-14 00:00:00+00:00
790,3.467285731753268,1639526400000,2021-12-15 00:00:00+00:00
791,3.631485928655686,1639612800000,2021-12-16 00:00:00+00:00
792,3.61376180823244,1639699200000,2021-12-17 00:00:00+00:00
793,3.56023819099526,1639785600000,2021-12-18 00:00:00+00:00
794,3.4992013957867916,1639872000000,2021-12-19 00:00:00+00:00
795,3.5888483273354033,1639958400000,2021-12-20 00:00:00+00:00
796,3.6622643211451673,1640044800000,2021-12-21 00:00:00+00:00
797,3.617837200966392,1640131200000,2021-12-22 00:00:00+00:00
798,3.617595120390103,1640217600000,2021-12-23 00:00:00+00:00
799,3.6101607077073767,1640304000000,2021-12-24 00:00:00+00:00
800,3.5948640438475845,1640390400000,2021-12-25 00:00:00+00:00
801,3.5247504409065455,1640476800000,2021-12-26 00:00:00+00:00
802,3.494346270530228,1640563200000,2021-12-27 00:00:00+00:00
803,3.500004837217103,1640649600000,2021-12-28 00:00:00+00:00
804,3.673552909688579,1640736000000,2021-12-29 00:00:00+00:00
805,3.765367397432496,1640822400000,2021-12-30 00:00:00+00:00
806,3.7885456932960935,1640908800000,2021-12-31 00:00:00+00:00
807,3.7839630116614225,1640995200000,2022-01-01 00:00:00+00:00
808,3.8165825200732266,1641081600000,2022-01-02 00:00:00+00:00
809,3.7837115613333943,1641168000000,2022-01-03 00:00:00+00:00
810,3.791622179901292,1641254400000,2022-01-04 00:00:00+00:00
811,3.8047972127816263,1641340800000,2022-01-05 00:00:00+00:00
812,3.783997981317578,1641427200000,2022-01-06 00:00:00+00:00
813,3.75934341665681,1641513600000,2022-01-07 00:00:00+00:00
814,3.624946016665238,1641600000000,2022-01-08 00:00:00+00:00
815,3.826639210450345,1641686400000,2022-01-09 00:00:00+00:00
816,3.7531441542048687,1641772800000,2022-01-10 00:00:00+00:00
817,3.7695318993536415,1641859200000,2022-01-11 00:00:00+00:00
818,3.7913698557641076,1641945600000,2022-01-12 00:00:00+00:00
819,3.8551386910480243,1642032000000,2022-01-13 00:00:00+00:00
820,3.8141712778285206,1642118400000,2022-01-14 00:00:00+00:00
821,3.789548966542325,1642204800000,2022-01-15 00:00:00+00:00
822,3.773868817089313,1642291200000,2022-01-16 00:00:00+00:00
823,3.7811864812043874,1642377600000,2022-01-17 00:00:00+00:00
824,3.714886346633272,1642464000000,2022-01-18 00:00:00+00:00
825,3.629312290774881,1642550400000,2022-01-19 00:00:00+00:00
826,3.6741805716995013,1642636800000,2022-01-20 00:00:00+00:00
827,3.683489157687634,1642723200000,2022-01-21 00:00:00+00:00
828,3.5117439507601964,1642809600000,2022-01-22 00:00:00+00:00
829,3.6152408659477535,1642896000000,2022-01-23 00:00:00+00:00
830,3.5547261151009337,1642982400000,2022-01-24 00:00:00+00:00
831,3.4384487654088756,1643068800000,2022-01-25 00:00:00+00:00
832,3.5286886635844366,1643155200000,2022-01-26 00:00:00+00:00
833,3.5230868326426603,1643241600000,2022-01-27 00:00:00+00:00
834,3.4619475934348953,1643328000000,2022-01-28 00:00:00+00:00
835,3.475446696497757,1643414400000,2022-01-29 00:00:00+00:00
836,3.4972454641688806,1643500800000,2022-01-30 00:00:00+00:00
837,3.5693356683033035,1643587200000,2022-01-31 00:00:00+00:00
838,3.8025801288370733,1643673600000,2022-02-01 00:00:00+00:00
839,4.21115953639628,1643760000000,2022-02-02 00:00:00+00:00
840,4.096114987572185,1643846400000,2022-02-03 00:00:00+00:00
841,4.589587658872142,1643932800000,2022-02-04 00:00:00+00:00
842,5.014562209216249,1644019200000,2022-02-05 00:00:00+00:00
843,4.816693779137459,1644105600000,2022-02-06 00:00:00+00:00
844,5.124346394568382,1644192000000,2022-02-07 00:00:00+00:00
845,5.558189243609275,1644278400000,2022-02-08 00:00:00+00:00
846,7.173101729579826,1644364800000,2022-02-09 00:00:00+00:00
847,6.417829605670272,1644451200000,2022-02-10 00:00:00+00:00
848,6.244644833170724,1644537600000,2022-02-11 00:00:00+00:00
849,5.898776673351926,1644624000000,2022-02-12 00:00:00+00:00
850,5.883239892268445,1644710400000,2022-02-13 00:00:00+00:00
851,5.859557410007341,1644796800000,2022-02-14 00:00:00+00:00
852,6.07634713713899,1644883200000,2022-02-15 00:00:00+00:00
853,5.853010421991621,1644969600000,2022-02-16 00:00:00+00:00
854,5.746734946608191,1645056000000,2022-02-17 00:00:00+00:00
855,5.628781240253904,1645142400000,2022-02-18 00:00:00+00:00
856,5.69539563872171,1645228800000,2022-02-19 00:00:00+00:00
857,5.778514388135619,1645315200000,2022-02-20 00:00:00+00:00
858,5.833532820183819,1645401600000,2022-02-21 00:00:00+00:00
859,5.78710931037631,1645488000000,2022-02-22 00:00:00+00:00
860,6.112625100481082,1645574400000,2022-02-23 00:00:00+00:00
861,5.659736976888059,1645660800000,2022-02-24 00:00:00+00:00
862,5.829789740781751,1645747200000,2022-02-25 00:00:00+00:00
863,5.9846015858091475,1645833600000,2022-02-26 00:00:00+00:00
864,6.041954465353837,1645920000000,2022-02-27 00:00:00+00:00
865,5.901557293708629,1646006400000,2022-02-28 00:00:00+00:00
866,5.965049329020576,1646092800000,2022-03-01 00:00:00+00:00
867,5.905607612816295,1646179200000,2022-03-02 00:00:00+00:00
868,5.704935085475292,1646265600000,2022-03-03 00:00:00+00:00
869,5.557892421306142,1646352000000,2022-03-04 00:00:00+00:00
870,5.3753554297741974,1646438400000,2022-03-05 00:00:00+00:00
871,5.365614042166126,1646524800000,2022-03-06 00:00:00+00:00
872,5.393665779896013,1646611200000,2022-03-07 00:00:00+00:00
873,5.559161813561012,1646697600000,2022-03-08 00:00:00+00:00
874,5.79010804811733,1646784000000,2022-03-09 00:00:00+00:00
875,5.832109505861033,1646870400000,2022-03-10 00:00:00+00:00
876,5.844632521806804,1646956800000,2022-03-11 00:00:00+00:00
877,5.850223290971748,1647043200000,2022-03-12 00:00:00+00:00
878,5.847106005632519,1647129600000,2022-03-13 00:00:00+00:00
879,5.841699669908658,1647216000000,2022-03-14 00:00:00+00:00
880,5.909393144749666,1647302400000,2022-03-15 00:00:00+00:00
881,5.951346887415089,1647388800000,2022-03-16 00:00:00+00:00
882,6.193510057199732,1647475200000,2022-03-17 00:00:00+00:00
883,6.178186668253935,1647561600000,2022-03-18 00:00:00+00:00
884,6.1187592043093275,1647648000000,2022-03-19 00:00:00+00:00
885,6.035416151928442,1647734400000,2022-03-20 00:00:00+00:00
886,6.128343750022886,1647820800000,2022-03-21 00:00:00+00:00
887,6.161086138531469,1647907200000,2022-03-22 00:00:00+00:00
888,6.088397320425702,1647993600000,2022-03-23 00:00:00+00:00
889,6.03027044899234,1648080000000,2022-03-24 00:00:00+00:00
890,5.88648966932321,1648166400000,2022-03-25 00:00:00+00:00
891,5.926038688988949,1648252800000,2022-03-26 00:00:00+00:00
892,5.9392046157905725,1648339200000,2022-03-27 00:00:00+00:00
893,6.145440056693533,1648425600000,2022-03-28 00:00:00+00:00
894,6.0620172889321475,1648512000000,2022-03-29 00:00:00+00:00
895,6.005188074907741,1648598400000,2022-03-30 00:00:00+00:00
896,5.973670775415805,1648684800000,2022-03-31 00:00:00+00:00
897,5.898153926868465,1648771200000,2022-04-01 00:00:00+00:00
898,5.983879477330866,1648857600000,2022-04-02 00:00:00+00:00
899,6.024319648875405,1648944000000,2022-04-03 00:00:00+00:00
900,5.995792485966035,1649030400000,2022-04-04 00:00:00+00:00
901,5.950150772296867,1649116800000,2022-04-05 00:00:00+00:00
902,5.910979859819164,1649203200000,2022-04-06 00:00:00+00:00
903,5.847361996410903,1649289600000,2022-04-07 00:00:00+00:00
904,5.901271774116514,1649376000000,2022-04-08 00:00:00+00:00
905,5.872743647397098,1649462400000,2022-04-09 00:00:00+00:00
906,5.967136564946123,1649548800000,2022-04-10 00:00:00+00:00
907,5.886039086160333,1649635200000,2022-04-11 00:00:00+00:00
908,5.682659940499507,1649721600000,2022-04-12 00:00:00+00:00
909,5.731645553702793,1649808000000,2022-04-13 00:00:00+00:00
910,5.74540252889514,1649894400000,2022-04-14 00:00:00+00:00
911,5.808692381913728,1649980800000,2022-04-15 00:00:00+00:00
912,5.844241239421447,1650067200000,2022-04-16 00:00:00+00:00
913,5.802115085203193,1650153600000,2022-04-17 00:00:00+00:00
914,5.884363899755662,1650240000000,2022-04-18 00:00:00+00:00
915,5.873395176273183,1650326400000,2022-04-19 00:00:00+00:00
916,5.890249303356243,1650412800000,2022-04-20 00:00:00+00:00
917,5.975674804042541,1650499200000,2022-04-21 00:00:00+00:00
918,5.929968612800912,1650585600000,2022-04-22 00:00:00+00:00
919,5.8433177135600305,1650672000000,2022-04-23 00:00:00+00:00
920,5.854850945831066,1650758400000,2022-04-24 00:00:00+00:00
921,5.905084425438261,1650844800000,2022-04-25 00:00:00+00:00
922,5.922724511957555,1650931200000,2022-04-26 00:00:00+00:00
923,5.809258095462024,1651017600000,2022-04-27 00:00:00+00:00
924,5.763480136932845,1651104000000,2022-04-28 00:00:00+00:00
925,5.729012958486962,1651190400000,2022-04-29 00:00:00+00:00
926,5.687483259043845,1651276800000,2022-04-30 00:00:00+00:00
927,5.621649939252942,1651363200000,2022-05-01 00:00:00+00:00
928,5.583439367566155,1651449600000,2022-05-02 00:00:00+00:00
929,5.703078402059041,1651536000000,2022-05-03 00:00:00+00:00
930,5.606182854179203,1651622400000,2022-05-04 00:00:00+00:00
931,5.486431789214154,1651708800000,2022-05-05 00:00:00+00:00
932,5.266860283596428,1651795200000,2022-05-06 00:00:00+00:00
933,5.314684670905382,1651881600000,2022-05-07 00:00:00+00:00
934,5.350247139047868,1651968000000,2022-05-08 00:00:00+00:00
935,5.310872325303393,1652054400000,2022-05-09 00:00:00+00:00
936,5.275815938300622,1652140800000,2022-05-10 00:00:00+00:00
937,5.384472226031361,1652227200000,2022-05-11 00:00:00+00:00
938,5.1089424662080285,1652313600000,2022-05-12 00:00:00+00:00
939,5.092434062042377,1652400000000,2022-05-13 00:00:00+00:00
940,5.0163200138116535,1652486400000,2022-05-14 00:00:00+00:00
941,4.96982407274454,1652572800000,2022-05-15 00:00:00+00:00
942,4.9391876782592625,1652659200000,2022-05-16 00:00:00+00:00
943,4.918195934976594,1652745600000,2022-05-17 00:00:00+00:00
944,4.991069062707877,1652832000000,2022-05-18 00:00:00+00:00
945,5.013400600176097,1652918400000,2022-05-19 00:00:00+00:00
946,4.983038638357665,1653004800000,2022-05-20 00:00:00+00:00
947,4.913625338199409,1653091200000,2022-05-21 00:00:00+00:00
948,4.891370968791522,1653177600000,2022-05-22 00:00:00+00:00
949,4.930445766622585,1653264000000,2022-05-23 00:00:00+00:00
950,4.882758770962952,1653350400000,2022-05-24 00:00:00+00:00
951,4.91101395880067,1653436800000,2022-05-25 00:00:00+00:00
952,4.890411737155098,1653523200000,2022-05-26 00:00:00+00:00
953,4.864662022050431,1653609600000,2022-05-27 00:00:00+00:00
954,5.018514694622862,1653696000000,2022-05-28 00:00:00+00:00
955,5.047342308415971,1653782400000,2022-05-29 00:00:00+00:00
956,5.184503651897991,1653868800000,2022-05-30 00:00:00+00:00
957,5.280014322362563,1653955200000,2022-05-31 00:00:00+00:00
958,5.146005940674905,1654041600000,2022-06-01 00:00:00+00:00
959,4.90919651949269,1654128000000,2022-06-02 00:00:00+00:00
960,4.885486132284941,1654214400000,2022-06-03 00:00:00+00:00
961,4.895928589711179,1654300800000,2022-06-04 00:00:00+00:00
962,5.009028285598464,1654387200000,2022-06-05 00:00:00+00:00
963,5.114049707179501,1654473600000,2022-06-06 00:00:00+00:00
964,5.214750902834912,1654560000000,2022-06-07 00:00:00+00:00
965,5.294133662464228,1654646400000,2022-06-08 00:00:00+00:00
966,5.379290428653791,1654732800000,2022-06-09 00:00:00+00:00
967,5.451399252425785,1654819200000,2022-06-10 00:00:00+00:00
968,5.511601179069337,1654905600000,2022-06-11 00:00:00+00:00
969,5.478590083570228,1654992000000,2022-06-12 00:00:00+00:00
970,5.347105823106963,1655078400000,2022-06-13 00:00:00+00:00
971,5.3522593753798855,1655164800000,2022-06-14 00:00:00+00:00
972,5.131872411017705,1655251200000,2022-06-15 00:00:00+00:00
973,5.01836890855265,1655337600000,2022-06-16 00:00:00+00:00
974,5.0109890731139775,1655424000000,2022-06-17 00:00:00+00:00
975,4.8815820465632305,1655510400000,2022-06-18 00:00:00+00:00
976,5.106712614155539,1655596800000,2022-06-19 00:00:00+00:00
977,5.3679008121086,1655683200000,2022-06-20 00:00:00+00:00
978,5.42656791465219,1655769600000,2022-06-21 00:00:00+00:00
979,5.779250863809065,1655856000000,2022-06-22 00:00:00+00:00
980,5.903542936792785,1655942400000,2022-06-23 00:00:00+00:00
981,5.807179769136267,1656028800000,2022-06-24 00:00:00+00:00
982,5.867220902505763,1656115200000,2022-06-25 00:00:00+00:00
983,5.899128928157472,1656201600000,2022-06-26 00:00:00+00:00
984,5.85811526922009,1656288000000,2022-06-27 00:00:00+00:00
985,5.7745804772804075,1656374400000,2022-06-28 00:00:00+00:00
986,5.817925279413587,1656460800000,2022-06-29 00:00:00+00:00
987,5.876035953619693,1656547200000,2022-06-30 00:00:00+00:00
988,5.94939047408513,1656633600000,2022-07-01 00:00:00+00:00
989,5.738606160907499,1656720000000,2022-07-02 00:00:00+00:00
990,5.753368747792331,1656806400000,2022-07-03 00:00:00+00:00
991,5.846935592996754,1656892800000,2022-07-04 00:00:00+00:00
992,5.8305902191373145,1657065600000,2022-07-06 00:00:00+00:00
993,5.849990256719586,1657152000000,2022-07-07 00:00:00+00:00
994,5.727754677718324,1657238400000,2022-07-08 00:00:00+00:00
995,5.722092924059994,1657324800000,2022-07-09 00:00:00+00:00
996,5.722981413333147,1657411200000,2022-07-10 00:00:00+00:00
997,5.464465441420935,1657497600000,2022-07-11 00:00:00+00:00
998,5.356118068038095,1657584000000,2022-07-12 00:00:00+00:00
999,5.374698071236711,1657670400000,2022-07-13 00:00:00+00:00
1000,5.338398646756732,1657756800000,2022-07-14 00:00:00+00:00
1001,5.318904243726277,1657843200000,2022-07-15 00:00:00+00:00
1002,5.317837672724347,1657929600000,2022-07-16 00:00:00+00:00
1003,5.342132515731991,1658016000000,2022-07-17 00:00:00+00:00
1004,5.289423254746129,1658102400000,2022-07-18 00:00:00+00:00
1005,5.242749185227545,1658188800000,2022-07-19 00:00:00+00:00
1006,5.31326767921226,1658275200000,2022-07-20 00:00:00+00:00
1007,5.259598987543906,1658361600000,2022-07-21 00:00:00+00:00
1008,5.431470851746521,1658448000000,2022-07-22 00:00:00+00:00
1009,5.263069484970742,1658534400000,2022-07-23 00:00:00+00:00
1010,5.227535290781307,1658620800000,2022-07-24 00:00:00+00:00
1011,5.116727288410111,1658707200000,2022-07-25 00:00:00+00:00
1012,5.03986319713342,1658793600000,2022-07-26 00:00:00+00:00
1013,5.126818728861684,1658880000000,2022-07-27 00:00:00+00:00
1014,5.235020825711703,1658966400000,2022-07-28 00:00:00+00:00
1015,5.181147620226564,1659052800000,2022-07-29 00:00:00+00:00
1016,5.148527242917463,1659139200000,2022-07-30 00:00:00+00:00
1017,5.071277212867149,1659225600000,2022-07-31 00:00:00+00:00
1018,5.095328237729512,1659312000000,2022-08-01 00:00:00+00:00
1019,5.069460204611041,1659398400000,2022-08-02 00:00:00+00:00
1020,5.027117792350016,1659484800000,2022-08-03 00:00:00+00:00
1021,5.018768057068758,1659571200000,2022-08-04 00:00:00+00:00
1022,5.0057360293471955,1659657600000,2022-08-05 00:00:00+00:00
1023,4.984400694098612,1659744000000,2022-08-06 00:00:00+00:00
1024,4.969509685649389,1659830400000,2022-08-07 00:00:00+00:00
1025,4.898566447307547,1659916800000,2022-08-08 00:00:00+00:00
1026,4.831630256148409,1660003200000,2022-08-09 00:00:00+00:00
1027,4.860364210920622,1660089600000,2022-08-10 00:00:00+00:00
1028,4.785216400493483,1660176000000,2022-08-11 00:00:00+00:00
1029,4.808053301448289,1660262400000,2022-08-12 00:00:00+00:00
1030,4.9248539276372965,1660348800000,2022-08-13 00:00:00+00:00
